weekly_attach_row__signup_week__week,weekly_attach_row__state,attach_rate
2026-03-23 00:00:00,NC,0.17682926829268292
2026-03-09 00:00:00,OH,0.16117216117216118
2026-02-16 00:00:00,MI,0.03987730061349693
2026-02-02 00:00:00,TX,0.0313404050144648
2026-04-20 00:00:00,TX,0.20250723240115717
2026-01-19 00:00:00,FL,0.011714589989350373
2026-02-09 00:00:00,FL,0.0463258785942492
2026-02-23 00:00:00,FL,0.08732694355697551
2026-03-30 00:00:00,FL,0.17784877529286475
2026-04-13 00:00:00,FL,0.18583599574014908
2026-02-16 00:00:00,NY,0.07369614512471655
2026-01-12 00:00:00,PA,0.004914004914004914
2026-03-02 00:00:00,PA,0.04791154791154791
2026-02-16 00:00:00,NJ,0.0149812734082397
2026-03-16 00:00:00,VA,0.11574074074074074
2026-04-27 00:00:00,OH,0.25457875457875456
2026-03-16 00:00:00,CA,0.16921478402849932
2026-01-26 00:00:00,GA,0.020289855072463767
2026-01-12 00:00:00,FL,0.007454739084132056
2026-03-02 00:00:00,FL,0.11288604898828541
2026-03-23 00:00:00,IL,0.09028960817717206
2026-01-19 00:00:00,PA,0.004914004914004914
2026-02-09 00:00:00,PA,0.018427518427518427
2026-02-23 00:00:00,PA,0.0343980343980344
2026-03-30 00:00:00,PA,0.07371007371007371
2026-04-13 00:00:00,PA,0.07616707616707617
2026-01-12 00:00:00,OH,0.009157509157509158
2026-03-02 00:00:00,OH,0.13553113553113552
2026-03-23 00:00:00,CA,0.18747216862104796
2026-01-26 00:00:00,MI,0.0
2026-04-06 00:00:00,TX,0.19720347155255544
2026-04-27 00:00:00,FL,0.18796592119275826
2026-03-16 00:00:00,IL,0.07666098807495741
2026-01-26 00:00:00,NY,0.018140589569160998
2026-03-09 00:00:00,PA,0.05405405405405406
2026-01-26 00:00:00,NJ,0.011235955056179775
2026-04-27 00:00:00,NC,0.21646341463414634
2026-01-19 00:00:00,CA,0.009796645391123645
2026-02-09 00:00:00,CA,0.048686358913462964
2026-02-23 00:00:00,CA,0.09395873534214041
2026-03-30 00:00:00,CA,0.20053436247587947
2026-04-13 00:00:00,CA,0.21775270892088466
2026-01-05 00:00:00,MI,0.0
2026-02-02 00:00:00,GA,0.03188405797101449
2026-04-20 00:00:00,GA,0.18840579710144928
2026-03-09 00:00:00,IL,0.07155025553662692
2026-01-05 00:00:00,NY,0.0011337868480725624
2026-03-16 00:00:00,PA,0.06265356265356266
2026-01-05 00:00:00,NJ,0.0
2026-01-12 00:00:00,VA,0.004629629629629629
2026-03-02 00:00:00,VA,0.06944444444444445
2026-01-05 00:00:00,OH,0.005494505494505495
2026-01-19 00:00:00,TX,0.010607521697203472
2026-02-09 00:00:00,TX,0.04725168756027001
2026-02-23 00:00:00,TX,0.0940212150433944
2026-03-30 00:00:00,TX,0.1875602700096432
2026-04-13 00:00:00,TX,0.19961427193828352
2026-02-02 00:00:00,FL,0.02875399361022364
2026-04-20 00:00:00,FL,0.18636847710330137
2026-02-16 00:00:00,IL,0.04088586030664395
2026-01-26 00:00:00,VA,0.013888888888888888
2026-03-16 00:00:00,NC,0.1676829268292683
2026-01-19 00:00:00,OH,0.016483516483516484
2026-02-09 00:00:00,OH,0.0641025641025641
2026-02-23 00:00:00,OH,0.10989010989010989
2026-03-30 00:00:00,OH,0.2326007326007326
2026-04-13 00:00:00,OH,0.2490842490842491
2026-01-05 00:00:00,TX,0.0014464802314368371
2026-02-16 00:00:00,GA,0.057971014492753624
2026-03-09 00:00:00,FL,0.13631522896698617
2026-04-27 00:00:00,PA,0.08108108108108109
2026-03-23 00:00:00,VA,0.13425925925925927
2026-01-19 00:00:00,NC,0.009146341463414634
2026-02-09 00:00:00,NC,0.057926829268292686
2026-02-23 00:00:00,NC,0.09146341463414634
2026-03-30 00:00:00,NC,0.18902439024390244
2026-04-13 00:00:00,NC,0.2073170731707317
2026-03-16 00:00:00,OH,0.184981684981685
2026-04-27 00:00:00,CA,0.2256197120379991
2026-04-06 00:00:00,GA,0.17971014492753623
2026-03-23 00:00:00,FL,0.16719914802981894
2026-01-12 00:00:00,IL,0.0034071550255536627
2026-03-02 00:00:00,IL,0.05792163543441227
2026-03-09 00:00:00,VA,0.09259259259259259
2026-03-16 00:00:00,MI,0.09202453987730061
2026-04-27 00:00:00,TX,0.20395371263259401
2026-03-23 00:00:00,GA,0.15942028985507245
2026-04-06 00:00:00,FL,0.18317358892438765
2026-01-26 00:00:00,IL,0.01192504258943782
2026-03-16 00:00:00,NY,0.1689342403628118
2026-01-05 00:00:00,PA,0.0036855036855036856
2026-03-16 00:00:00,NJ,0.06741573033707865
2026-02-16 00:00:00,VA,0.032407407407407406
2026-01-05 00:00:00,NC,0.0
2026-04-27 00:00:00,MI,0.11042944785276074
2026-03-16 00:00:00,TX,0.16104146576663453
2026-01-12 00:00:00,GA,0.005797101449275362
2026-03-02 00:00:00,GA,0.11884057971014493
2026-01-26 00:00:00,FL,0.01810436634717785
2026-04-06 00:00:00,IL,0.10051107325383304
2026-04-27 00:00:00,NY,0.23242630385487528
2026-04-27 00:00:00,NJ,0.0898876404494382
2026-02-02 00:00:00,VA,0.013888888888888888
2026-04-20 00:00:00,VA,0.1574074074074074
2026-04-06 00:00:00,NC,0.20121951219512196
2026-02-16 00:00:00,OH,0.08241758241758242
2026-02-02 00:00:00,CA,0.030428974320914355
2026-04-20 00:00:00,CA,0.22294789965860176
2026-03-09 00:00:00,MI,0.07975460122699386
2026-01-19 00:00:00,GA,0.014492753623188406
2026-02-09 00:00:00,GA,0.05217391304347826
2026-02-23 00:00:00,GA,0.08695652173913043
2026-03-30 00:00:00,GA,0.17681159420289855
2026-04-13 00:00:00,GA,0.1855072463768116
2026-01-05 00:00:00,IL,0.0
2026-03-09 00:00:00,NY,0.14285714285714285
2026-01-26 00:00:00,PA,0.007371007371007371
2026-03-09 00:00:00,NJ,0.06367041198501873
2026-02-02 00:00:00,NC,0.051829268292682924
2026-04-20 00:00:00,NC,0.21341463414634146
2026-01-26 00:00:00,OH,0.029304029304029304
2026-04-06 00:00:00,CA,0.21107317797239128
2026-01-12 00:00:00,MI,0.0
2026-03-02 00:00:00,MI,0.06748466257668712
2026-03-23 00:00:00,TX,0.17405978784956605
2026-04-27 00:00:00,GA,0.19130434782608696
2026-01-12 00:00:00,NY,0.0011337868480725624
2026-03-02 00:00:00,NY,0.11904761904761904
2026-02-16 00:00:00,PA,0.025798525798525797
2026-01-12 00:00:00,NJ,0.0
2026-03-02 00:00:00,NJ,0.04868913857677903
2026-01-05 00:00:00,VA,0.0
2026-02-16 00:00:00,NC,0.0701219512195122
2026-04-06 00:00:00,OH,0.24175824175824176
2026-01-26 00:00:00,CA,0.017515214487160456
2026-03-23 00:00:00,MI,0.09815950920245399
2026-01-12 00:00:00,TX,0.003857280617164899
2026-03-02 00:00:00,TX,0.11909353905496625
2026-03-16 00:00:00,GA,0.14202898550724638
2026-03-23 00:00:00,NY,0.1927437641723356
2026-02-02 00:00:00,PA,0.013513513513513514
2026-04-20 00:00:00,PA,0.0773955773955774
2026-03-23 00:00:00,NJ,0.08239700374531835
2026-01-12 00:00:00,NC,0.003048780487804878
2026-03-02 00:00:00,NC,0.11280487804878049
2026-03-09 00:00:00,CA,0.14902775716194153
2026-02-02 00:00:00,MI,0.009202453987730062
2026-04-20 00:00:00,MI,0.11042944785276074
2026-02-16 00:00:00,TX,0.06846673095467695
2026-01-05 00:00:00,GA,0.002898550724637681
2026-01-19 00:00:00,IL,0.010221465076660987
2026-02-09 00:00:00,IL,0.028960817717206135
2026-02-23 00:00:00,IL,0.049403747870528106
2026-03-30 00:00:00,IL,0.09540034071550256
2026-04-13 00:00:00,IL,0.10221465076660988
2026-02-02 00:00:00,NY,0.03854875283446712
2026-04-20 00:00:00,NY,0.2256235827664399
2026-03-23 00:00:00,PA,0.06756756756756757
2026-02-02 00:00:00,NJ,0.011235955056179775
2026-04-20 00:00:00,NJ,0.08614232209737828
2026-04-27 00:00:00,VA,0.1574074074074074
2026-01-26 00:00:00,NC,0.018292682926829267
2026-02-02 00:00:00,OH,0.04212454212454213
2026-04-20 00:00:00,OH,0.25274725274725274
2026-02-16 00:00:00,CA,0.06946712186433131
2026-03-09 00:00:00,TX,0.14127290260366443
2026-01-05 00:00:00,FL,0.001597444089456869
2026-04-06 00:00:00,PA,0.07616707616707617
2026-01-05 00:00:00,CA,0.0011874721686210479
2026-01-19 00:00:00,MI,0.0
2026-02-09 00:00:00,MI,0.015337423312883436
2026-02-23 00:00:00,MI,0.046012269938650305
2026-03-30 00:00:00,MI,0.09815950920245399
2026-04-13 00:00:00,MI,0.10429447852760736
2026-03-09 00:00:00,GA,0.13333333333333333
2026-02-16 00:00:00,FL,0.0670926517571885
2026-02-02 00:00:00,IL,0.020442930153321975
2026-04-20 00:00:00,IL,0.10221465076660988
2026-01-19 00:00:00,NY,0.011337868480725623
2026-02-09 00:00:00,NY,0.05555555555555555
2026-02-23 00:00:00,NY,0.09523809523809523
2026-03-30 00:00:00,NY,0.20521541950113378
2026-04-13 00:00:00,NY,0.22108843537414966
2026-01-19 00:00:00,NJ,0.011235955056179775
2026-02-09 00:00:00,NJ,0.0149812734082397
2026-02-23 00:00:00,NJ,0.02247191011235955
2026-03-30 00:00:00,NJ,0.08239700374531835
2026-04-13 00:00:00,NJ,0.08614232209737828
2026-04-06 00:00:00,VA,0.1388888888888889
2026-03-09 00:00:00,NC,0.14939024390243902
2026-03-23 00:00:00,OH,0.20695970695970695
2026-01-12 00:00:00,CA,0.00445302063232893
2026-03-02 00:00:00,CA,0.12230963336796793
2026-04-06 00:00:00,MI,0.09815950920245399
2026-01-26 00:00:00,TX,0.01639344262295082
2026-03-16 00:00:00,FL,0.154419595314164
2026-04-27 00:00:00,IL,0.10732538330494037
2026-04-06 00:00:00,NY,0.21315192743764172
2026-04-06 00:00:00,NJ,0.08239700374531835
2026-01-19 00:00:00,VA,0.013888888888888888
2026-02-09 00:00:00,VA,0.018518518518518517
2026-02-23 00:00:00,VA,0.06018518518518518
2026-03-30 00:00:00,VA,0.1388888888888889
2026-04-13 00:00:00,VA,0.14351851851851852
