metric_time__week,avg_days_to_first_login,avg_days_to_kit_delivery,conversion_lag_days
2026-01-05 00:00:00,6.684210526315789,6.285714285714286,852.5909090909091
2026-01-12 00:00:00,5.416666666666667,6.266666666666667,839.9782608695652
2026-01-19 00:00:00,4.256756756756757,6.541176470588235,796.3294117647059
2026-01-26 00:00:00,4.592592592592593,6.191489361702128,769.5360824742268
2026-02-02 00:00:00,4.727848101265823,6.232432432432432,753.6335078534031
2026-02-09 00:00:00,5.357843137254902,6.688311688311688,738.5042016806723
2026-02-16 00:00:00,5.050632911392405,6.544444444444444,702.652329749104
2026-02-23 00:00:00,5.1535714285714285,6.329153605015674,678.4437689969604
2026-03-02 00:00:00,4.760517799352751,5.859116022099448,653.9441489361702
2026-03-09 00:00:00,5.030201342281879,5.922388059701492,632.2902298850574
2026-03-16 00:00:00,4.973799126637554,5.947565543071161,607.6920289855072
2026-03-23 00:00:00,4.630541871921182,5.9094827586206895,589.1302521008404
2026-03-30 00:00:00,4.220183486238532,7.338461538461538,560.3944444444444
2026-04-06 00:00:00,,,539.7317073170732
2026-04-13 00:00:00,,,498.61333333333334
2026-04-20 00:00:00,,,476.2105263157895
2026-04-27 00:00:00,,,453.3
