weekly_attach_row__signup_week__week,cumulative_subscriptions_to_date,attach_rate,attach_rate_vs_target
2026-02-02 00:00:00,441,0.0294,0.196
2026-04-13 00:00:00,2903,0.19353333333333333,1.2902222222222224
2026-02-09 00:00:00,679,0.04526666666666666,0.30177777777777776
2026-03-02 00:00:00,1663,0.11086666666666667,0.7391111111111112
2026-03-23 00:00:00,2525,0.16833333333333333,1.1222222222222222
2026-04-20 00:00:00,2960,0.19733333333333333,1.3155555555555556
2026-04-06 00:00:00,2828,0.18853333333333333,1.256888888888889
2026-03-30 00:00:00,2705,0.18033333333333335,1.2022222222222223
2026-01-19 00:00:00,153,0.0102,0.068
2026-01-05 00:00:00,22,0.0014666666666666667,0.009777777777777778
2026-02-23 00:00:00,1287,0.0858,0.5720000000000001
2026-01-12 00:00:00,68,0.004533333333333334,0.030222222222222227
2026-03-16 00:00:00,2287,0.15246666666666667,1.0164444444444445
2026-01-26 00:00:00,250,0.016666666666666666,0.11111111111111112
2026-04-27 00:00:00,3000,0.2,1.3333333333333335
2026-02-16 00:00:00,958,0.06386666666666667,0.4257777777777778
2026-03-09 00:00:00,2011,0.13406666666666667,0.8937777777777778
