channel_week_row__signup_week__week,channel_week_row__channel,incremental_mrr,cac_payback_months,arpa
2026-03-09 00:00:00,self_serve,6757.529999999963,0.2571106771477564,27.35842105263143
2026-04-06 00:00:00,sales_assisted,1009.6300000000002,2.713503400697678,27.287297297297304
2026-01-05 00:00:00,sales_assisted,59.97,41.47207586933615,19.99
2026-04-27 00:00:00,self_serve,789.7100000000002,2.849355699010492,27.23137931034483
2026-03-16 00:00:00,sales_assisted,1979.2800000000004,1.3591553490588508,27.490000000000006
2026-03-30 00:00:00,self_serve,3468.7299999999896,0.5365834292746832,27.31283464566921
2026-02-09 00:00:00,self_serve,4718.349999999979,0.29493971917199224,28.596060606060483
2026-04-13 00:00:00,self_serve,1639.4400000000003,1.197856397609788,29.27571428571429
2026-01-19 00:00:00,self_serve,1349.4900000000002,0.8603645214739215,26.46058823529412
2026-02-23 00:00:00,self_serve,6167.819999999969,0.25817320798017135,28.292752293577838
2026-01-26 00:00:00,sales_assisted,669.7700000000001,3.4286170738083466,29.1204347826087
2026-03-02 00:00:00,sales_assisted,3618.669999999988,0.6608148321428373,27.208045112781864
2026-02-02 00:00:00,self_serve,3548.6999999999884,0.3618007429173364,27.29769230769222
2026-01-12 00:00:00,sales_assisted,159.94,15.804299481097114,26.656666666666666
2026-04-20 00:00:00,self_serve,1129.6000000000001,1.7781336565096943,28.240000000000002
2026-01-26 00:00:00,self_serve,2069.26,0.6269289758203471,27.962972972972977
2026-02-16 00:00:00,self_serve,5877.979999999972,0.25375209369145224,29.098910891088973
2026-03-23 00:00:00,sales_assisted,1939.3200000000004,1.391313977368823,28.51941176470589
2026-01-05 00:00:00,self_serve,609.8100000000001,1.4988847350067538,32.09526315789474
2026-04-27 00:00:00,sales_assisted,309.89000000000004,9.017614748405833,28.171818181818185
2026-02-16 00:00:00,sales_assisted,2159.2299999999996,1.302458444043419,28.041948051948047
2026-03-23 00:00:00,self_serve,4588.29999999998,0.3909809650668161,26.989999999999885
2026-03-16 00:00:00,self_serve,5777.959999999972,0.30416852731430866,28.323333333333196
2026-03-30 00:00:00,sales_assisted,1499.4700000000003,1.810696637417369,28.291886792452836
2026-01-19 00:00:00,sales_assisted,949.6600000000002,2.492468947303263,27.93117647058824
2026-04-13 00:00:00,sales_assisted,489.8100000000001,5.8882302789168115,25.779473684210533
2026-02-23 00:00:00,sales_assisted,3048.8899999999926,0.8519650120214771,27.46747747747741
2026-02-09 00:00:00,sales_assisted,2019.2700000000004,1.1998600270225606,27.661232876712333
2026-03-09 00:00:00,sales_assisted,2958.989999999993,0.9063442124414606,29.296930693069235
2026-04-06 00:00:00,self_serve,2339.139999999998,0.8489235275304253,27.19930232558137
2026-04-20 00:00:00,sales_assisted,469.8300000000001,5.660886641875233,27.63705882352942
2026-01-12 00:00:00,self_serve,1159.6000000000001,0.8543653458697109,28.990000000000002
2026-02-02 00:00:00,sales_assisted,1809.3900000000003,1.2415397313724013,29.66213114754099
2026-03-02 00:00:00,self_serve,6727.569999999963,0.22619433092089858,27.685473251028657
