channel_week_row__signup_week__week,channel_week_row__channel,cac_by_channel,cost_per_activated_account
2026-03-02 00:00:00,sales_assisted,9.133007518796992,12.653020833333334
2026-03-23 00:00:00,self_serve,5.3525294117647055,7.108828125
2026-01-12 00:00:00,sales_assisted,213.20000000000002,319.8
2026-02-02 00:00:00,self_serve,5.019846153846154,7.677411764705883
2026-04-20 00:00:00,self_serve,25.67625,
2026-02-16 00:00:00,sales_assisted,18.652727272727272,24.343389830508475
2026-01-05 00:00:00,self_serve,25.111052631578946,34.07928571428572
2026-03-09 00:00:00,sales_assisted,13.662376237623763,17.691025641025643
2026-01-05 00:00:00,sales_assisted,393.57,393.57
2026-04-06 00:00:00,self_serve,11.728372093023255,
2026-01-26 00:00:00,sales_assisted,51.32043478260869,73.773125
2026-04-13 00:00:00,self_serve,18.041428571428572,
2026-03-30 00:00:00,self_serve,7.449763779527559,13.069761016715017
2026-02-09 00:00:00,self_serve,4.3219393939393935,6.095042735042735
2026-02-23 00:00:00,self_serve,3.7361926605504587,5.027716049382716
2026-01-19 00:00:00,self_serve,11.505098039215687,15.441052631578946
2026-03-16 00:00:00,self_serve,4.407401960784314,5.954370860927153
2026-04-27 00:00:00,sales_assisted,129.84545454545454,
2026-04-20 00:00:00,sales_assisted,79.69529411764705,
2026-02-02 00:00:00,sales_assisted,18.9872131147541,24.642978723404255
2026-02-16 00:00:00,self_serve,3.794950495049505,5.4755714285714285
2026-03-23 00:00:00,sales_assisted,20.323823529411765,27.09843137254902
2026-03-02 00:00:00,self_serve,3.1909876543209874,4.64317365269461
2026-01-12 00:00:00,self_serve,12.7215,18.846666666666668
2026-04-27 00:00:00,self_serve,39.420344827586206,
2026-03-16 00:00:00,sales_assisted,19.014583333333334,27.939795918367345
2026-04-13 00:00:00,sales_assisted,76.33315789473684,
2026-01-19 00:00:00,sales_assisted,35.529411764705884,50.333333333333336
2026-02-09 00:00:00,sales_assisted,16.909315068493154,23.290188679245286
2026-03-30 00:00:00,sales_assisted,26.202830188679247,37.73207547169811
2026-02-23 00:00:00,sales_assisted,11.907477477477478,17.391184210526315
2026-01-26 00:00:00,self_serve,8.94864864864865,12.734615384615385
2026-04-06 00:00:00,sales_assisted,37.6318918918919,
2026-03-09 00:00:00,self_serve,3.57668016194332,5.1065895953757225
