metric_time__week,digital_activation_rate_7d,kit_sla_rate,activation_rate_7d,activation_rate_14d,activation_rate_30d,mature_cohort_size_30d
2026-01-05 00:00:00,0.45454545454545453,0.8636363636363636,0.4090909090909091,0.6818181818181818,0.7727272727272727,22
2026-01-12 00:00:00,0.6086956521739131,0.8695652173913043,0.5434782608695652,0.6521739130434783,0.6739130434782609,46
2026-01-19 00:00:00,0.7294117647058823,0.8470588235294118,0.5882352941176471,0.6941176470588235,0.7294117647058823,85
2026-01-26 00:00:00,0.6804123711340206,0.865979381443299,0.5773195876288659,0.6494845360824743,0.7010309278350515,97
2026-02-02 00:00:00,0.6387434554973822,0.8272251308900523,0.5445026178010471,0.6492146596858639,0.6910994764397905,191
2026-02-09 00:00:00,0.6722689075630253,0.8361344537815126,0.5462184873949579,0.6554621848739496,0.7142857142857143,238
2026-02-16 00:00:00,0.6630824372759857,0.8351254480286738,0.5591397849462365,0.6738351254480287,0.7132616487455197,279
2026-02-23 00:00:00,0.6534954407294833,0.8328267477203647,0.5562310030395137,0.6717325227963525,0.723404255319149,329
2026-03-02 00:00:00,0.648936170212766,0.8643617021276596,0.5531914893617021,0.675531914893617,0.699468085106383,376
2026-03-09 00:00:00,0.6551724137931034,0.8448275862068966,0.5488505747126436,0.7011494252873564,0.7212643678160919,348
2026-03-16 00:00:00,0.6268115942028986,0.8623188405797102,0.5398550724637681,0.6884057971014492,0.7246376811594203,276
2026-03-23 00:00:00,0.6974789915966386,0.8739495798319328,0.6218487394957983,0.7100840336134454,0.7521008403361344,238
2026-03-30 00:00:00,0.6444444444444445,0.7888888888888889,0.5055555555555555,0.6111111111111112,0.6029411764705882,136
2026-04-06 00:00:00,0.7154471544715447,0.8943089430894309,0.6666666666666666,0.7479674796747967,,0
2026-04-13 00:00:00,0.6,0.7866666666666666,0.4666666666666667,0.5866666666666667,,0
2026-04-20 00:00:00,0.7368421052631579,0.8235294117647058,0.5294117647058824,,,0
2026-04-27 00:00:00,,,,,,0
