metric_name,threshold_value,threshold_direction,action,owner,decision_question,group_by
attach_rate_vs_target,1.0,below,Review channel mix in the weekly launch review,Growth,growing,weekly_attach_row__signup_week__week
state_penetration,0.10,below,Assess reallocating spend to states with a large remaining base,Growth,growing,saturation_state__state
pct_base_never_rebilled,0.10,above,Mark every retention reading as inconclusive in the report,Analytics,staying,
activation_rate_30d_vs_benchmark,1.0,below,Open an onboarding investigation and segment by driver,Product,valuable,
digital_activation_rate_7d,0.60,below,Review the first-login flow,Product,valuable,
kit_sla_rate,0.80,below,Escalate to the regional logistics partner,Operations,valuable,
avg_breakeven_cycles,2.0,at_or_above,Flag the channel as an unproven bet and freeze spend increases,Growth,valuable,account__channel
share_breakeven_cycle_exposed,0.80,below,Report the unproven fraction alongside any payback claim,Analytics,valuable,account__channel
task_engagement_rate,0.50,below,Review first-cycle task onboarding,Product,valuable,
task_completion_rate,0.40,below,Review the first-cycle task volume,Product,valuable,
cac_uplift_pct,0.25,above,Review the kit shipping eligibility criteria,Growth + Ops,efficient,
effective_cac,20.0,above,Freeze spend increases on the channel until loaded CAC comes down,Growth,efficient,effective_cac_row__channel
cac_by_channel,15.0,above,Review the channel bid and creative,Growth,efficient,channel_week_row__channel
kit_on_time_delivery_rate,0.80,below,Escalate to the regional logistics partner,Operations,efficient,
kit_lost_rate,0.05,above,Audit the carrier for that state,Operations,efficient,account__state
kit_late_rate,0.20,above,Audit the carrier for that state,Operations,efficient,account__state
avg_delivery_delay_days,5.0,above,Audit the carrier for that state,Operations,efficient,account__state
at_risk_account_rate,0.30,above,Trigger the CS recovery queue prioritised by revenue,Customer Success,staying,
system_inflicted_at_risk_accounts,300.0,above,Trigger the CS recovery queue prioritised by revenue,Customer Success,staying,
zero_digital_access_accounts,400.0,above,Re-engagement campaign for accounts with no first login,Customer Success,staying,
zero_task_accounts,600.0,above,Re-engagement campaign for accounts with no completed task,Customer Success,staying,
never_logged_in_share,0.20,above,Open an onboarding investigation; the mean time-to-login cannot see this,Product,valuable,
win_rate,0.30,below,Review the sales-assisted playbook,Sales,efficient,
incremental_mrr,5000.0,below,Review tier mix and pricing,Growth,growing,channel_week_row__signup_week
arpa,25.0,below,Review tier mix,Growth,valuable,
contribution_margin_per_cycle,10.0,below,Review COGS and shipping per tier,Finance,valuable,account__pet_tier
cac_payback_months,3.0,above,Freeze spend increases on the channel,Growth,efficient,channel_week_row__channel
cost_per_activated_account,25.0,above,Review the quality of the accounts the channel brings,Growth,efficient,channel_week_row__channel
avg_days_to_kit_delivery,10.0,above,Escalate to the logistics partner,Operations,efficient,account__state
