account_id,first_login_date,care_tasks_completed_first_cycle
acct_00000,,0
acct_00001,2026-03-02,8
acct_00002,2026-04-04,6
acct_00003,2026-03-26,7
acct_00004,2026-02-03,7
acct_00005,2026-04-26,5
acct_00006,2026-03-24,8
acct_00007,2026-03-25,8
acct_00008,2026-02-12,6
acct_00009,2026-03-04,8
acct_00010,2026-03-01,6
acct_00011,2026-04-11,7
acct_00012,2026-03-25,5
acct_00013,2026-03-29,8
acct_00014,2026-03-04,8
acct_00015,,0
acct_00016,2026-03-20,4
acct_00017,2026-02-04,6
acct_00018,2026-03-29,8
acct_00019,2026-03-16,7
acct_00020,2026-03-22,8
acct_00021,2026-03-03,4
acct_00022,,0
acct_00023,2026-04-07,7
acct_00024,2026-03-24,8
acct_00025,2026-02-17,7
acct_00026,2026-03-10,5
acct_00027,2026-01-28,7
acct_00028,2026-02-15,5
acct_00029,2026-03-23,5
acct_00030,2026-03-24,6
acct_00031,,0
acct_00032,2026-02-27,8
acct_00033,2026-03-06,7
acct_00034,2026-03-17,5
acct_00035,2026-02-19,5
acct_00036,2026-02-08,6
acct_00037,2026-03-04,8
acct_00038,2026-02-18,6
acct_00039,,0
acct_00040,2026-03-02,8
acct_00041,2026-03-29,8
acct_00042,2026-03-19,8
acct_00043,2026-02-23,7
acct_00044,2026-03-28,8
acct_00045,2026-03-29,7
acct_00046,2026-02-27,8
acct_00047,2026-03-16,3
acct_00048,2026-03-16,8
acct_00049,2026-02-11,7
acct_00050,2026-02-15,8
acct_00051,2026-01-23,4
acct_00052,2026-03-26,5
acct_00053,2026-03-19,8
acct_00054,2026-04-08,1
acct_00055,2026-03-26,8
acct_00056,2026-03-04,8
acct_00057,2026-03-11,8
acct_00058,2026-02-14,6
acct_00059,2026-02-19,5
acct_00060,2026-03-28,4
acct_00061,2026-03-06,8
acct_00062,2026-03-11,8
acct_00063,2026-03-26,7
acct_00064,2026-03-14,8
acct_00065,2026-03-13,7
acct_00066,2026-03-13,8
acct_00067,2026-02-26,7
acct_00068,2026-01-30,5
acct_00069,2026-03-04,8
acct_00070,,0
acct_00071,2026-03-03,8
acct_00072,2026-04-05,6
acct_00073,2026-03-02,4
acct_00074,2026-01-29,7
acct_00075,,0
acct_00076,,0
acct_00077,2026-03-17,7
acct_00078,2026-03-12,7
acct_00079,2026-03-27,8
acct_00080,2026-03-17,8
acct_00081,,0
acct_00082,2026-04-02,6
acct_00083,2026-02-15,4
acct_00084,2026-01-19,7
acct_00085,2026-02-14,6
acct_00086,,0
acct_00087,2026-03-11,6
acct_00088,2026-02-11,8
acct_00089,2026-03-10,7
acct_00090,2026-03-09,1
acct_00091,2026-03-17,8
acct_00092,2026-03-04,8
acct_00093,2026-03-08,4
acct_00094,2026-02-23,8
acct_00095,2026-03-30,2
acct_00096,2026-03-02,6
acct_00097,2026-02-01,8
acct_00098,2026-02-11,4
acct_00099,2026-04-25,6
acct_00100,,0
acct_00101,2026-03-20,8
acct_00102,2026-03-03,3
acct_00103,2026-04-21,7
acct_00104,2026-03-31,5
acct_00105,2026-03-21,8
acct_00106,2026-03-05,7
acct_00107,2026-02-27,6
acct_00108,,0
acct_00109,,0
acct_00110,2026-03-23,3
acct_00111,,0
acct_00112,2026-02-26,7
acct_00113,2026-03-12,8
acct_00114,2026-02-13,7
acct_00115,2026-03-31,8
acct_00116,2026-03-23,7
acct_00117,2026-03-26,7
acct_00118,2026-03-09,6
acct_00119,2026-03-24,3
acct_00120,2026-03-16,6
acct_00121,,0
acct_00122,2026-02-05,7
acct_00123,,0
acct_00124,2026-01-28,4
acct_00125,2026-03-09,6
acct_00126,2026-03-09,3
acct_00127,2026-02-09,8
acct_00128,2026-02-15,6
acct_00129,2026-03-23,3
acct_00130,2026-03-08,3
acct_00131,2026-04-10,8
acct_00132,2026-03-10,8
acct_00133,2026-03-04,2
acct_00134,,0
acct_00135,2026-01-18,8
acct_00136,2026-04-18,7
acct_00137,2026-03-12,6
acct_00138,2026-03-31,7
acct_00139,2026-02-19,2
acct_00140,2026-03-27,5
acct_00141,2026-03-14,6
acct_00142,2026-04-16,7
acct_00143,2026-03-16,7
acct_00144,2026-03-14,3
acct_00145,2026-02-19,8
acct_00146,2026-02-26,7
acct_00147,2026-03-15,6
acct_00148,2026-03-05,8
acct_00149,2026-01-21,7
acct_00150,2026-03-31,6
acct_00151,2026-04-07,8
acct_00152,2026-02-12,7
acct_00153,,0
acct_00154,2026-02-07,7
acct_00155,,0
acct_00156,2026-02-24,7
acct_00157,2026-03-19,6
acct_00158,,0
acct_00159,2026-04-06,3
acct_00160,2026-02-08,8
acct_00161,2026-04-08,8
acct_00162,,0
acct_00163,2026-01-29,5
acct_00164,2026-03-18,5
acct_00165,2026-02-28,8
acct_00166,,0
acct_00167,2026-04-03,8
acct_00168,,0
acct_00169,2026-04-26,4
acct_00170,2026-02-21,8
acct_00171,2026-03-14,4
acct_00172,2026-02-22,4
acct_00173,2026-04-17,7
acct_00174,2026-02-13,8
acct_00175,2026-02-16,2
acct_00176,2026-03-08,7
acct_00177,2026-05-02,7
acct_00178,2026-04-14,6
acct_00179,2026-03-24,7
acct_00180,,0
acct_00181,2026-04-26,1
acct_00182,2026-03-09,7
acct_00183,2026-02-25,7
acct_00184,2026-03-27,8
acct_00185,2026-03-18,7
acct_00186,2026-03-15,6
acct_00187,2026-02-06,6
acct_00188,2026-03-27,7
acct_00189,2026-02-27,5
acct_00190,2026-04-12,8
acct_00191,2026-02-22,6
acct_00192,2026-02-11,7
acct_00193,2026-04-03,6
acct_00194,2026-02-13,6
acct_00195,,0
acct_00196,2026-03-17,7
acct_00197,2026-04-05,7
acct_00198,2026-02-26,4
acct_00199,2026-02-24,8
acct_00200,2026-03-29,6
acct_00201,2026-04-20,8
acct_00202,2026-03-17,6
acct_00203,2026-02-11,6
acct_00204,2026-01-25,3
acct_00205,2026-02-23,7
acct_00206,2026-02-07,8
acct_00207,2026-03-21,7
acct_00208,,0
acct_00209,2026-03-24,3
acct_00210,,0
acct_00211,2026-03-17,6
acct_00212,2026-02-16,7
acct_00213,,0
acct_00214,2026-03-20,8
acct_00215,2026-03-23,7
acct_00216,,0
acct_00217,2026-02-09,7
acct_00218,2026-04-12,8
acct_00219,2026-03-02,6
acct_00220,2026-02-26,6
acct_00221,,0
acct_00222,2026-03-17,8
acct_00223,2026-04-25,5
acct_00224,2026-02-24,7
acct_00225,2026-04-11,8
acct_00226,2026-01-18,8
acct_00227,2026-03-14,6
acct_00228,2026-03-21,6
acct_00229,2026-02-08,5
acct_00230,,0
acct_00231,2026-03-04,8
acct_00232,2026-04-28,6
acct_00233,2026-03-12,8
acct_00234,2026-04-12,8
acct_00235,2026-04-04,7
acct_00236,2026-03-04,8
acct_00237,,0
acct_00238,2026-01-26,6
acct_00239,2026-02-16,5
acct_00240,2026-04-04,6
acct_00241,2026-04-14,2
acct_00242,2026-02-21,8
acct_00243,,0
acct_00244,2026-03-16,6
acct_00245,2026-04-04,8
acct_00246,2026-03-18,7
acct_00247,2026-03-04,8
acct_00248,2026-02-26,8
acct_00249,2026-03-01,8
acct_00250,2026-03-18,7
acct_00251,,0
acct_00252,,0
acct_00253,2026-02-20,7
acct_00254,,0
acct_00255,,0
acct_00256,2026-03-28,8
acct_00257,2026-02-08,7
acct_00258,2026-02-01,7
acct_00259,2026-03-13,6
acct_00260,2026-02-15,8
acct_00261,2026-03-27,8
acct_00262,2026-03-03,6
acct_00263,2026-02-17,6
acct_00264,2026-04-10,8
acct_00265,,0
acct_00266,2026-02-22,7
acct_00267,2026-02-09,8
acct_00268,2026-02-14,4
acct_00269,2026-01-21,8
acct_00270,2026-02-01,6
acct_00271,,0
acct_00272,,0
acct_00273,2026-03-14,6
acct_00274,2026-03-23,7
acct_00275,2026-03-14,2
acct_00276,2026-03-03,2
acct_00277,2026-03-11,7
acct_00278,2026-04-02,8
acct_00279,,0
acct_00280,2026-01-27,7
acct_00281,2026-02-21,5
acct_00282,2026-02-21,6
acct_00283,2026-02-28,6
acct_00284,2026-03-22,5
acct_00285,2026-03-04,8
acct_00286,,0
acct_00287,2026-03-02,6
acct_00288,,0
acct_00289,2026-02-05,6
acct_00290,2026-04-04,5
acct_00291,,0
acct_00292,2026-04-13,7
acct_00293,2026-02-03,8
acct_00294,2026-04-05,8
acct_00295,2026-04-09,6
acct_00296,2026-04-23,8
acct_00297,2026-03-25,8
acct_00298,,0
acct_00299,2026-03-14,8
acct_00300,2026-03-25,7
acct_00301,2026-02-14,6
acct_00302,,0
acct_00303,,0
acct_00304,2026-04-03,7
acct_00305,2026-03-05,7
acct_00306,,0
acct_00307,2026-03-20,6
acct_00308,,0
acct_00309,2026-02-08,8
acct_00310,2026-03-05,8
acct_00311,2026-03-08,7
acct_00312,2026-03-02,5
acct_00313,2026-03-02,8
acct_00314,2026-03-11,3
acct_00315,2026-02-24,8
acct_00316,2026-02-28,8
acct_00317,2026-03-23,7
acct_00318,2026-02-28,6
acct_00319,2026-04-15,7
acct_00320,2026-04-17,3
acct_00321,2026-03-07,8
acct_00322,2026-02-24,7
acct_00323,2026-03-09,7
acct_00324,2026-04-07,4
acct_00325,2026-03-17,8
acct_00326,2026-03-29,8
acct_00327,,0
acct_00328,2026-03-19,6
acct_00329,2026-02-21,8
acct_00330,2026-03-20,8
acct_00331,2026-02-25,4
acct_00332,2026-03-20,7
acct_00333,2026-03-31,8
acct_00334,,0
acct_00335,,0
acct_00336,2026-02-07,6
acct_00337,2026-03-20,8
acct_00338,2026-02-04,7
acct_00339,2026-04-13,8
acct_00340,2026-02-10,8
acct_00341,2026-04-19,8
acct_00342,2026-03-31,7
acct_00343,2026-03-19,7
acct_00344,2026-03-25,8
acct_00345,2026-03-30,7
acct_00346,2026-04-20,4
acct_00347,2026-02-19,8
acct_00348,2026-03-11,8
acct_00349,,0
acct_00350,2026-03-25,5
acct_00351,2026-02-13,8
acct_00352,2026-03-10,8
acct_00353,2026-03-11,8
acct_00354,2026-03-11,6
acct_00355,2026-03-19,6
acct_00356,,0
acct_00357,2026-03-30,5
acct_00358,2026-03-13,7
acct_00359,2026-03-13,7
acct_00360,2026-04-19,5
acct_00361,2026-02-11,7
acct_00362,2026-02-10,6
acct_00363,2026-02-04,8
acct_00364,2026-03-16,8
acct_00365,2026-03-01,8
acct_00366,2026-03-25,7
acct_00367,2026-03-23,7
acct_00368,2026-02-25,8
acct_00369,2026-04-12,6
acct_00370,,0
acct_00371,2026-02-27,4
acct_00372,2026-03-05,5
acct_00373,2026-02-26,7
acct_00374,2026-02-21,5
acct_00375,2026-02-12,8
acct_00376,2026-04-14,8
acct_00377,2026-03-03,8
acct_00378,2026-03-02,8
acct_00379,2026-03-22,7
acct_00380,2026-03-13,8
acct_00381,,0
acct_00382,2026-04-13,4
acct_00383,2026-03-06,8
acct_00384,2026-02-27,8
acct_00385,2026-04-25,8
acct_00386,2026-04-04,5
acct_00387,,0
acct_00388,2026-02-13,5
acct_00389,2026-03-31,7
acct_00390,2026-03-17,7
acct_00391,2026-02-14,5
acct_00392,2026-03-12,8
acct_00393,2026-03-22,6
acct_00394,2026-01-27,3
acct_00395,2026-03-15,4
acct_00396,2026-03-31,7
acct_00397,2026-02-27,6
acct_00398,2026-03-09,8
acct_00399,2026-03-09,5
acct_00400,2026-02-28,7
acct_00401,2026-04-11,8
acct_00402,2026-03-25,8
acct_00403,,0
acct_00404,2026-05-02,8
acct_00405,,0
acct_00406,2026-03-09,5
acct_00407,2026-04-03,8
acct_00408,,0
acct_00409,2026-05-05,8
acct_00410,,0
acct_00411,2026-03-27,6
acct_00412,2026-02-04,8
acct_00413,2026-04-06,8
acct_00414,2026-01-23,8
acct_00415,2026-02-18,8
acct_00416,2026-02-13,7
acct_00417,2026-03-25,7
acct_00418,2026-02-16,8
acct_00419,,0
acct_00420,2026-03-15,8
acct_00421,,0
acct_00422,2026-01-11,8
acct_00423,2026-02-06,6
acct_00424,2026-03-16,7
acct_00425,,0
acct_00426,2026-02-22,7
acct_00427,2026-03-30,8
acct_00428,2026-01-27,8
acct_00429,2026-03-27,8
acct_00430,2026-04-11,6
acct_00431,2026-03-25,8
acct_00432,2026-03-24,5
acct_00433,2026-04-05,6
acct_00434,2026-01-26,7
acct_00435,2026-02-16,8
acct_00436,2026-02-20,4
acct_00437,2026-03-12,7
acct_00438,2026-03-21,8
acct_00439,2026-03-19,6
acct_00440,,0
acct_00441,,0
acct_00442,,0
acct_00443,2026-02-18,7
acct_00444,2026-02-27,5
acct_00445,2026-03-27,7
acct_00446,2026-04-29,5
acct_00447,2026-03-24,4
acct_00448,,0
acct_00449,2026-03-13,8
acct_00450,2026-01-28,5
acct_00451,2026-04-05,8
acct_00452,,0
acct_00453,2026-02-12,8
acct_00454,2026-02-12,7
acct_00455,2026-02-12,8
acct_00456,2026-04-22,8
acct_00457,2026-03-05,7
acct_00458,2026-03-26,8
acct_00459,2026-03-22,6
acct_00460,,0
acct_00461,2026-02-20,4
acct_00462,2026-05-02,3
acct_00463,2026-02-25,8
acct_00464,2026-03-22,4
acct_00465,2026-03-21,7
acct_00466,2026-03-18,6
acct_00467,2026-04-15,8
acct_00468,2026-02-13,7
acct_00469,,0
acct_00470,,0
acct_00471,,0
acct_00472,2026-02-11,7
acct_00473,2026-02-10,7
acct_00474,2026-02-21,8
acct_00475,2026-02-28,8
acct_00476,2026-03-06,7
acct_00477,2026-03-19,7
acct_00478,2026-03-15,7
acct_00479,2026-03-05,8
acct_00480,2026-03-03,7
acct_00481,2026-02-20,6
acct_00482,2026-03-12,8
acct_00483,2026-02-25,8
acct_00484,2026-01-22,8
acct_00485,2026-03-05,8
acct_00486,,0
acct_00487,2026-02-24,7
acct_00488,,0
acct_00489,,0
acct_00490,2026-03-21,6
acct_00491,2026-03-16,8
acct_00492,2026-03-16,8
acct_00493,2026-02-25,6
acct_00494,2026-03-26,8
acct_00495,2026-03-15,7
acct_00496,2026-03-05,7
acct_00497,,0
acct_00498,2026-02-27,7
acct_00499,,0
acct_00500,2026-03-20,8
acct_00501,2026-04-08,6
acct_00502,2026-04-11,7
acct_00503,2026-03-13,8
acct_00504,2026-03-09,7
acct_00505,,0
acct_00506,2026-02-22,8
acct_00507,,0
acct_00508,2026-03-05,8
acct_00509,2026-02-05,8
acct_00510,2026-01-30,8
acct_00511,2026-03-29,8
acct_00512,,0
acct_00513,,0
acct_00514,2026-02-25,7
acct_00515,2026-02-11,8
acct_00516,2026-03-04,7
acct_00517,2026-03-23,7
acct_00518,2026-02-09,2
acct_00519,2026-04-02,6
acct_00520,2026-04-02,8
acct_00521,,0
acct_00522,2026-02-13,7
acct_00523,2026-03-15,7
acct_00524,2026-02-07,8
acct_00525,2026-02-27,8
acct_00526,2026-04-19,7
acct_00527,,0
acct_00528,2026-04-09,4
acct_00529,2026-02-22,8
acct_00530,2026-03-19,6
acct_00531,2026-03-23,6
acct_00532,2026-02-28,7
acct_00533,,0
acct_00534,2026-01-15,7
acct_00535,2026-02-15,8
acct_00536,2026-03-12,7
acct_00537,2026-02-11,7
acct_00538,2026-02-12,8
acct_00539,,0
acct_00540,2026-04-30,7
acct_00541,2026-03-14,8
acct_00542,2026-04-04,6
acct_00543,2026-05-06,4
acct_00544,2026-02-24,5
acct_00545,2026-03-07,7
acct_00546,2026-03-03,8
acct_00547,2026-02-02,7
acct_00548,2026-03-26,6
acct_00549,2026-03-04,8
acct_00550,2026-03-07,7
acct_00551,2026-02-17,7
acct_00552,2026-02-16,8
acct_00553,2026-04-15,7
acct_00554,2026-01-28,8
acct_00555,2026-02-20,8
acct_00556,2026-02-25,7
acct_00557,2026-03-07,8
acct_00558,2026-03-19,7
acct_00559,,0
acct_00560,,0
acct_00561,2026-02-22,7
acct_00562,2026-04-05,5
acct_00563,,0
acct_00564,2026-03-14,8
acct_00565,2026-03-18,8
acct_00566,2026-03-30,6
acct_00567,2026-01-27,8
acct_00568,2026-03-07,7
acct_00569,,0
acct_00570,,0
acct_00571,2026-04-06,6
acct_00572,2026-03-05,8
acct_00573,2026-03-29,7
acct_00574,2026-04-02,5
acct_00575,2026-03-17,6
acct_00576,2026-04-09,8
acct_00577,2026-03-15,7
acct_00578,2026-04-09,5
acct_00579,,0
acct_00580,2026-03-07,7
acct_00581,2026-03-15,5
acct_00582,2026-02-17,5
acct_00583,2026-03-01,8
acct_00584,2026-04-14,7
acct_00585,,0
acct_00586,,0
acct_00587,2026-03-02,5
acct_00588,,0
acct_00589,,0
acct_00590,2026-04-15,7
acct_00591,2026-03-22,2
acct_00592,2026-02-24,6
acct_00593,2026-03-14,7
acct_00594,2026-01-11,8
acct_00595,2026-03-04,3
acct_00596,2026-03-19,7
acct_00597,2026-03-14,8
acct_00598,2026-04-25,8
acct_00599,2026-03-14,8
acct_00600,,0
acct_00601,2026-03-22,8
acct_00602,2026-04-23,4
acct_00603,2026-04-11,2
acct_00604,2026-04-25,7
acct_00605,2026-03-24,8
acct_00606,2026-04-09,7
acct_00607,2026-02-08,7
acct_00608,2026-03-25,6
acct_00609,2026-03-04,8
acct_00610,2026-03-09,8
acct_00611,2026-03-28,2
acct_00612,,0
acct_00613,,0
acct_00614,2026-02-23,8
acct_00615,2026-03-20,8
acct_00616,2026-03-26,6
acct_00617,,0
acct_00618,2026-02-09,7
acct_00619,,0
acct_00620,2026-03-25,8
acct_00621,2026-03-17,4
acct_00622,2026-04-25,8
acct_00623,2026-03-10,5
acct_00624,2026-04-27,7
acct_00625,2026-03-07,6
acct_00626,2026-03-31,8
acct_00627,2026-02-05,7
acct_00628,,0
acct_00629,2026-03-28,8
acct_00630,,0
acct_00631,2026-03-29,6
acct_00632,2026-01-27,7
acct_00633,2026-02-26,8
acct_00634,2026-01-30,7
acct_00635,2026-02-04,8
acct_00636,2026-03-26,5
acct_00637,2026-03-24,6
acct_00638,2026-03-29,7
acct_00639,2026-04-02,7
acct_00640,,0
acct_00641,2026-03-27,8
acct_00642,2026-02-05,4
acct_00643,2026-02-20,7
acct_00644,2026-03-16,7
acct_00645,2026-03-31,8
acct_00646,2026-01-09,8
acct_00647,2026-03-09,8
acct_00648,2026-03-17,8
acct_00649,2026-01-23,8
acct_00650,2026-03-08,8
acct_00651,2026-04-10,6
acct_00652,2026-03-29,6
acct_00653,2026-02-20,8
acct_00654,2026-04-01,7
acct_00655,2026-02-24,8
acct_00656,2026-04-06,7
acct_00657,2026-02-28,8
acct_00658,,0
acct_00659,,0
acct_00660,2026-03-06,5
acct_00661,2026-04-05,8
acct_00662,2026-02-19,4
acct_00663,2026-02-02,8
acct_00664,2026-02-25,7
acct_00665,2026-04-14,1
acct_00666,2026-03-28,8
acct_00667,,0
acct_00668,2026-02-24,8
acct_00669,2026-03-01,8
acct_00670,2026-02-11,8
acct_00671,2026-03-11,8
acct_00672,2026-05-03,7
acct_00673,2026-03-20,8
acct_00674,2026-03-14,7
acct_00675,2026-02-27,8
acct_00676,2026-04-10,7
acct_00677,,0
acct_00678,2026-02-14,7
acct_00679,2026-03-01,8
acct_00680,2026-01-30,8
acct_00681,2026-02-15,7
acct_00682,,0
acct_00683,2026-03-19,4
acct_00684,,0
acct_00685,2026-02-26,6
acct_00686,2026-03-06,8
acct_00687,,0
acct_00688,2026-03-22,7
acct_00689,2026-03-10,6
acct_00690,2026-03-10,5
acct_00691,2026-04-21,4
acct_00692,,0
acct_00693,2026-03-09,4
acct_00694,2026-04-10,8
acct_00695,2026-03-21,3
acct_00696,,0
acct_00697,2026-03-16,7
acct_00698,2026-03-16,8
acct_00699,2026-02-24,8
acct_00700,2026-02-18,8
acct_00701,2026-02-26,8
acct_00702,2026-02-10,8
acct_00703,2026-04-08,7
acct_00704,2026-02-23,8
acct_00705,2026-03-10,8
acct_00706,2026-03-26,8
acct_00707,,0
acct_00708,2026-03-05,8
acct_00709,2026-03-08,4
acct_00710,2026-05-05,8
acct_00711,2026-03-16,8
acct_00712,,0
acct_00713,2026-04-09,8
acct_00714,2026-04-04,3
acct_00715,2026-02-18,6
acct_00716,2026-03-11,6
acct_00717,,0
acct_00718,2026-04-01,5
acct_00719,2026-04-22,5
acct_00720,2026-03-09,7
acct_00721,2026-03-04,8
acct_00722,,0
acct_00723,2026-04-18,8
acct_00724,2026-02-05,8
acct_00725,2026-02-01,6
acct_00726,2026-02-20,8
acct_00727,2026-01-29,8
acct_00728,2026-03-07,3
acct_00729,2026-03-09,7
acct_00730,2026-02-28,7
acct_00731,2026-01-31,7
acct_00732,,0
acct_00733,2026-03-01,7
acct_00734,,0
acct_00735,2026-03-21,8
acct_00736,2026-02-16,7
acct_00737,,0
acct_00738,,0
acct_00739,2026-03-02,8
acct_00740,2026-01-12,6
acct_00741,,0
acct_00742,2026-04-08,7
acct_00743,2026-01-18,6
acct_00744,2026-03-07,8
acct_00745,2026-03-19,6
acct_00746,2026-02-25,7
acct_00747,2026-03-13,5
acct_00748,,0
acct_00749,2026-03-30,8
acct_00750,2026-02-22,7
acct_00751,,0
acct_00752,,0
acct_00753,2026-03-06,7
acct_00754,2026-03-22,6
acct_00755,2026-02-20,8
acct_00756,2026-02-26,7
acct_00757,2026-04-11,8
acct_00758,2026-01-29,6
acct_00759,,0
acct_00760,2026-03-23,6
acct_00761,2026-02-14,5
acct_00762,2026-01-26,8
acct_00763,2026-02-18,4
acct_00764,2026-04-10,8
acct_00765,,0
acct_00766,2026-02-17,6
acct_00767,2026-01-22,8
acct_00768,2026-02-21,2
acct_00769,2026-03-17,8
acct_00770,2026-02-18,8
acct_00771,2026-03-13,8
acct_00772,2026-03-13,7
acct_00773,2026-03-31,8
acct_00774,2026-01-09,8
acct_00775,2026-03-30,8
acct_00776,2026-03-12,8
acct_00777,2026-02-13,6
acct_00778,2026-03-31,5
acct_00779,2026-04-02,8
acct_00780,2026-02-19,7
acct_00781,2026-04-28,4
acct_00782,,0
acct_00783,2026-03-20,5
acct_00784,2026-04-25,8
acct_00785,2026-03-02,5
acct_00786,2026-04-01,8
acct_00787,2026-03-06,6
acct_00788,,0
acct_00789,2026-03-14,8
acct_00790,2026-02-17,7
acct_00791,,0
acct_00792,2026-02-26,5
acct_00793,2026-02-01,8
acct_00794,2026-01-25,7
acct_00795,,0
acct_00796,2026-01-27,4
acct_00797,2026-02-23,4
acct_00798,2026-03-27,7
acct_00799,2026-03-21,7
acct_00800,,0
acct_00801,2026-02-25,8
acct_00802,2026-04-13,3
acct_00803,2026-03-13,6
acct_00804,2026-02-06,8
acct_00805,2026-02-09,8
acct_00806,2026-03-18,8
acct_00807,2026-02-16,7
acct_00808,2026-03-07,8
acct_00809,2026-05-02,5
acct_00810,,0
acct_00811,2026-01-20,4
acct_00812,2026-05-09,6
acct_00813,2026-03-12,8
acct_00814,,0
acct_00815,2026-04-07,8
acct_00816,2026-04-08,6
acct_00817,2026-03-19,7
acct_00818,2026-03-16,6
acct_00819,2026-02-22,7
acct_00820,2026-01-29,7
acct_00821,2026-03-12,8
acct_00822,2026-02-23,7
acct_00823,2026-03-15,8
acct_00824,2026-04-08,7
acct_00825,2026-01-17,7
acct_00826,2026-03-21,4
acct_00827,2026-02-18,8
acct_00828,,0
acct_00829,2026-03-02,7
acct_00830,2026-03-15,7
acct_00831,2026-03-15,6
acct_00832,2026-02-28,8
acct_00833,2026-03-20,8
acct_00834,,0
acct_00835,2026-03-20,5
acct_00836,2026-03-23,8
acct_00837,2026-04-29,6
acct_00838,2026-03-04,8
acct_00839,2026-03-26,4
acct_00840,2026-01-20,6
acct_00841,2026-03-26,8
acct_00842,2026-03-12,8
acct_00843,2026-03-06,8
acct_00844,2026-02-06,5
acct_00845,,0
acct_00846,2026-02-28,8
acct_00847,2026-03-21,6
acct_00848,,0
acct_00849,2026-04-27,5
acct_00850,2026-02-17,6
acct_00851,2026-02-19,8
acct_00852,2026-04-08,8
acct_00853,,0
acct_00854,2026-02-16,8
acct_00855,2026-03-04,8
acct_00856,2026-03-24,7
acct_00857,2026-04-03,8
acct_00858,2026-03-03,6
acct_00859,2026-03-08,7
acct_00860,2026-03-22,8
acct_00861,2026-03-20,8
acct_00862,2026-03-31,6
acct_00863,2026-03-13,8
acct_00864,,0
acct_00865,2026-04-20,6
acct_00866,2026-04-01,8
acct_00867,2026-03-26,8
acct_00868,2026-02-26,1
acct_00869,2026-02-16,8
acct_00870,,0
acct_00871,,0
acct_00872,2026-04-23,8
acct_00873,2026-03-10,6
acct_00874,2026-03-24,7
acct_00875,,0
acct_00876,,0
acct_00877,,0
acct_00878,,0
acct_00879,2026-03-11,8
acct_00880,,0
acct_00881,,0
acct_00882,2026-04-11,8
acct_00883,2026-03-19,4
acct_00884,2026-02-21,6
acct_00885,2026-02-28,7
acct_00886,2026-03-02,6
acct_00887,2026-02-17,5
acct_00888,,0
acct_00889,2026-03-25,7
acct_00890,2026-03-06,7
acct_00891,2026-04-26,2
acct_00892,,0
acct_00893,2026-02-04,8
acct_00894,2026-03-23,7
acct_00895,2026-04-06,7
acct_00896,2026-02-25,7
acct_00897,2026-02-19,8
acct_00898,2026-02-16,7
acct_00899,2026-03-16,7
acct_00900,2026-03-06,8
acct_00901,2026-03-08,6
acct_00902,2026-01-25,8
acct_00903,2026-03-05,8
acct_00904,2026-04-18,8
acct_00905,,0
acct_00906,2026-03-07,8
acct_00907,2026-02-13,4
acct_00908,2026-02-19,8
acct_00909,2026-03-06,7
acct_00910,2026-03-31,7
acct_00911,2026-04-16,4
acct_00912,2026-04-11,6
acct_00913,2026-04-25,8
acct_00914,2026-04-25,6
acct_00915,2026-04-14,8
acct_00916,2026-02-05,7
acct_00917,2026-02-13,6
acct_00918,2026-02-25,8
acct_00919,2026-03-12,8
acct_00920,2026-02-09,7
acct_00921,2026-04-14,3
acct_00922,2026-03-31,4
acct_00923,2026-03-09,7
acct_00924,,0
acct_00925,,0
acct_00926,,0
acct_00927,2026-04-03,8
acct_00928,2026-03-12,8
acct_00929,2026-03-23,8
acct_00930,2026-02-22,8
acct_00931,2026-03-01,8
acct_00932,2026-03-07,6
acct_00933,2026-03-23,6
acct_00934,2026-03-24,8
acct_00935,2026-02-18,8
acct_00936,2026-04-16,8
acct_00937,2026-02-07,8
acct_00938,2026-04-06,8
acct_00939,2026-02-08,7
acct_00940,2026-02-25,7
acct_00941,2026-03-31,8
acct_00942,2026-02-12,8
acct_00943,,0
acct_00944,,0
acct_00945,2026-02-22,5
acct_00946,2026-03-19,8
acct_00947,,0
acct_00948,,0
acct_00949,2026-03-01,7
acct_00950,2026-03-14,7
acct_00951,2026-03-04,5
acct_00952,2026-02-19,8
acct_00953,,0
acct_00954,,0
acct_00955,2026-04-05,8
acct_00956,2026-03-25,8
acct_00957,2026-03-07,8
acct_00958,2026-03-07,8
acct_00959,2026-03-10,8
acct_00960,2026-03-10,8
acct_00961,2026-03-06,6
acct_00962,2026-02-28,2
acct_00963,2026-02-06,8
acct_00964,2026-04-27,6
acct_00965,2026-03-04,8
acct_00966,2026-04-15,8
acct_00967,2026-02-12,8
acct_00968,2026-03-15,8
acct_00969,2026-02-17,6
acct_00970,2026-02-18,8
acct_00971,2026-01-28,4
acct_00972,2026-02-14,4
acct_00973,2026-04-09,8
acct_00974,2026-03-05,7
acct_00975,2026-03-16,8
acct_00976,2026-03-05,8
acct_00977,,0
acct_00978,2026-03-19,6
acct_00979,2026-02-19,5
acct_00980,2026-04-27,7
acct_00981,2026-03-30,8
acct_00982,2026-03-27,8
acct_00983,2026-03-06,7
acct_00984,,0
acct_00985,2026-04-18,4
acct_00986,2026-02-26,7
acct_00987,2026-01-31,7
acct_00988,2026-02-25,8
acct_00989,2026-03-25,8
acct_00990,2026-03-15,8
acct_00991,2026-03-21,8
acct_00992,,0
acct_00993,2026-02-22,5
acct_00994,,0
acct_00995,,0
acct_00996,2026-03-14,8
acct_00997,2026-01-18,4
acct_00998,2026-05-06,8
acct_00999,,0
acct_01000,2026-01-29,8
acct_01001,2026-03-03,8
acct_01002,,0
acct_01003,2026-02-14,8
acct_01004,2026-03-18,7
acct_01005,2026-03-04,6
acct_01006,2026-04-09,8
acct_01007,,0
acct_01008,2026-03-22,7
acct_01009,2026-03-08,6
acct_01010,2026-03-15,8
acct_01011,2026-03-16,8
acct_01012,,0
acct_01013,2026-04-22,5
acct_01014,2026-03-03,6
acct_01015,2026-02-15,7
acct_01016,2026-03-18,8
acct_01017,,0
acct_01018,2026-01-25,8
acct_01019,,0
acct_01020,2026-04-10,5
acct_01021,2026-03-26,4
acct_01022,2026-05-01,7
acct_01023,2026-03-08,6
acct_01024,2026-03-22,3
acct_01025,2026-03-04,3
acct_01026,2026-04-14,8
acct_01027,2026-03-04,5
acct_01028,2026-03-22,8
acct_01029,,0
acct_01030,2026-03-12,8
acct_01031,2026-03-20,8
acct_01032,2026-03-08,8
acct_01033,2026-05-03,1
acct_01034,2026-03-02,8
acct_01035,2026-03-23,5
acct_01036,2026-02-27,8
acct_01037,2026-03-06,6
acct_01038,,0
acct_01039,2026-02-25,2
acct_01040,2026-02-07,7
acct_01041,2026-03-24,5
acct_01042,2026-03-25,8
acct_01043,2026-03-18,7
acct_01044,,0
acct_01045,,0
acct_01046,2026-02-15,8
acct_01047,,0
acct_01048,2026-04-02,8
acct_01049,2026-03-05,3
acct_01050,2026-03-28,7
acct_01051,2026-02-19,6
acct_01052,2026-02-24,8
acct_01053,,0
acct_01054,2026-02-23,5
acct_01055,2026-03-19,7
acct_01056,2026-04-07,8
acct_01057,2026-02-15,8
acct_01058,2026-03-29,3
acct_01059,2026-03-21,8
acct_01060,,0
acct_01061,,0
acct_01062,2026-02-18,8
acct_01063,,0
acct_01064,2026-03-01,7
acct_01065,2026-04-26,8
acct_01066,2026-03-13,4
acct_01067,2026-03-19,8
acct_01068,2026-01-20,8
acct_01069,,0
acct_01070,,0
acct_01071,2026-03-17,6
acct_01072,2026-03-02,8
acct_01073,2026-04-17,4
acct_01074,2026-04-08,5
acct_01075,2026-03-08,3
acct_01076,2026-03-10,7
acct_01077,2026-03-14,5
acct_01078,2026-03-27,4
acct_01079,2026-02-27,8
acct_01080,2026-02-26,7
acct_01081,2026-04-12,5
acct_01082,2026-04-11,7
acct_01083,2026-04-04,6
acct_01084,2026-04-23,8
acct_01085,,0
acct_01086,2026-03-23,8
acct_01087,2026-03-27,8
acct_01088,2026-03-07,7
acct_01089,,0
acct_01090,2026-02-18,8
acct_01091,2026-03-16,8
acct_01092,2026-02-26,7
acct_01093,2026-03-02,1
acct_01094,,0
acct_01095,,0
acct_01096,2026-02-15,8
acct_01097,2026-03-29,7
acct_01098,2026-04-01,8
acct_01099,2026-02-15,8
acct_01100,2026-01-22,5
acct_01101,2026-02-25,8
acct_01102,2026-03-26,8
acct_01103,2026-03-31,8
acct_01104,2026-02-08,8
acct_01105,,0
acct_01106,2026-02-06,7
acct_01107,2026-03-04,6
acct_01108,2026-05-05,6
acct_01109,2026-02-21,6
acct_01110,2026-02-17,5
acct_01111,2026-03-12,6
acct_01112,2026-03-15,8
acct_01113,2026-04-12,6
acct_01114,,0
acct_01115,2026-01-31,8
acct_01116,2026-02-09,8
acct_01117,2026-04-02,6
acct_01118,2026-02-23,8
acct_01119,2026-04-12,7
acct_01120,2026-03-17,7
acct_01121,2026-02-16,6
acct_01122,2026-04-01,8
acct_01123,2026-02-14,8
acct_01124,2026-03-02,6
acct_01125,2026-03-12,8
acct_01126,2026-03-16,7
acct_01127,2026-03-28,4
acct_01128,2026-03-22,8
acct_01129,2026-05-05,5
acct_01130,,0
acct_01131,2026-03-09,6
acct_01132,2026-02-08,4
acct_01133,2026-04-01,5
acct_01134,2026-04-24,7
acct_01135,2026-02-28,6
acct_01136,,0
acct_01137,2026-03-03,8
acct_01138,2026-02-03,4
acct_01139,2026-03-17,8
acct_01140,2026-02-25,8
acct_01141,2026-03-29,7
acct_01142,2026-03-31,8
acct_01143,2026-04-03,7
acct_01144,2026-03-08,6
acct_01145,2026-02-24,8
acct_01146,2026-03-29,5
acct_01147,2026-03-28,8
acct_01148,2026-03-17,4
acct_01149,2026-04-04,8
acct_01150,,0
acct_01151,2026-04-09,6
acct_01152,2026-02-13,5
acct_01153,2026-02-11,8
acct_01154,2026-03-08,8
acct_01155,2026-01-31,7
acct_01156,2026-02-01,7
acct_01157,2026-01-09,7
acct_01158,2026-03-08,7
acct_01159,2026-04-12,2
acct_01160,2026-01-26,7
acct_01161,2026-03-16,8
acct_01162,2026-03-29,7
acct_01163,2026-02-23,6
acct_01164,2026-02-15,6
acct_01165,2026-04-10,6
acct_01166,2026-03-27,8
acct_01167,,0
acct_01168,2026-03-28,8
acct_01169,2026-02-04,7
acct_01170,,0
acct_01171,,0
acct_01172,2026-02-20,8
acct_01173,2026-03-24,7
acct_01174,,0
acct_01175,2026-03-22,7
acct_01176,2026-03-12,5
acct_01177,2026-03-03,7
acct_01178,2026-03-02,2
acct_01179,2026-02-17,8
acct_01180,2026-03-31,4
acct_01181,2026-02-09,8
acct_01182,2026-02-11,3
acct_01183,2026-02-17,7
acct_01184,2026-02-13,8
acct_01185,2026-03-30,8
acct_01186,,0
acct_01187,2026-05-09,4
acct_01188,2026-02-11,7
acct_01189,2026-03-17,8
acct_01190,2026-03-13,4
acct_01191,2026-03-01,8
acct_01192,2026-04-03,7
acct_01193,,0
acct_01194,2026-04-03,8
acct_01195,2026-02-15,8
acct_01196,2026-02-26,5
acct_01197,2026-03-15,8
acct_01198,2026-02-23,8
acct_01199,2026-03-26,5
acct_01200,2026-03-11,7
acct_01201,2026-03-16,7
acct_01202,2026-03-31,7
acct_01203,2026-03-19,8
acct_01204,2026-01-20,8
acct_01205,2026-01-25,8
acct_01206,2026-03-19,5
acct_01207,2026-03-07,6
acct_01208,2026-03-13,1
acct_01209,2026-03-03,6
acct_01210,,0
acct_01211,2026-04-07,5
acct_01212,2026-03-23,4
acct_01213,2026-02-28,8
acct_01214,2026-02-22,8
acct_01215,2026-03-12,6
acct_01216,2026-02-28,6
acct_01217,2026-03-09,8
acct_01218,2026-03-18,7
acct_01219,2026-02-07,5
acct_01220,2026-01-15,4
acct_01221,2026-02-16,8
acct_01222,2026-04-09,8
acct_01223,2026-03-22,7
acct_01224,2026-02-21,7
acct_01225,2026-04-10,5
acct_01226,2026-03-12,7
acct_01227,2026-03-05,8
acct_01228,2026-04-21,7
acct_01229,2026-01-30,8
acct_01230,2026-02-21,8
acct_01231,2026-03-13,8
acct_01232,,0
acct_01233,2026-03-16,8
acct_01234,2026-03-03,4
acct_01235,2026-02-05,6
acct_01236,2026-03-06,2
acct_01237,2026-03-04,7
acct_01238,,0
acct_01239,,0
acct_01240,,0
acct_01241,2026-02-25,7
acct_01242,2026-02-28,8
acct_01243,2026-02-02,7
acct_01244,2026-03-05,6
acct_01245,2026-02-22,8
acct_01246,2026-03-16,8
acct_01247,2026-02-17,7
acct_01248,2026-04-05,8
acct_01249,,0
acct_01250,2026-02-07,7
acct_01251,2026-02-13,8
acct_01252,2026-02-07,8
acct_01253,2026-03-22,5
acct_01254,2026-02-08,8
acct_01255,2026-04-03,7
acct_01256,2026-03-24,6
acct_01257,2026-03-29,7
acct_01258,2026-03-08,7
acct_01259,2026-05-02,8
acct_01260,2026-01-30,7
acct_01261,2026-03-07,2
acct_01262,2026-02-24,8
acct_01263,2026-04-15,7
acct_01264,2026-03-11,8
acct_01265,2026-04-04,8
acct_01266,2026-02-13,8
acct_01267,2026-04-29,6
acct_01268,2026-03-08,7
acct_01269,2026-03-06,8
acct_01270,,0
acct_01271,,0
acct_01272,2026-03-03,8
acct_01273,2026-03-23,2
acct_01274,2026-02-09,7
acct_01275,2026-02-28,6
acct_01276,,0
acct_01277,2026-02-04,8
acct_01278,2026-04-01,8
acct_01279,2026-03-20,6
acct_01280,2026-03-02,7
acct_01281,2026-03-10,4
acct_01282,,0
acct_01283,2026-03-16,7
acct_01284,2026-04-10,8
acct_01285,2026-04-11,8
acct_01286,2026-03-01,6
acct_01287,2026-02-27,7
acct_01288,,0
acct_01289,2026-03-11,8
acct_01290,2026-03-07,8
acct_01291,2026-04-06,4
acct_01292,2026-03-12,6
acct_01293,2026-02-27,6
acct_01294,,0
acct_01295,2026-03-03,8
acct_01296,2026-02-13,3
acct_01297,2026-02-12,8
acct_01298,2026-03-23,6
acct_01299,2026-03-05,6
acct_01300,,0
acct_01301,2026-03-12,6
acct_01302,2026-04-04,7
acct_01303,,0
acct_01304,2026-03-30,8
acct_01305,,0
acct_01306,2026-03-13,8
acct_01307,,0
acct_01308,2026-02-07,4
acct_01309,2026-04-15,8
acct_01310,2026-03-01,7
acct_01311,2026-04-10,8
acct_01312,2026-03-16,8
acct_01313,2026-01-12,8
acct_01314,2026-01-23,7
acct_01315,2026-03-23,7
acct_01316,2026-03-16,7
acct_01317,2026-01-24,6
acct_01318,,0
acct_01319,2026-03-31,8
acct_01320,2026-03-07,8
acct_01321,2026-03-07,7
acct_01322,2026-01-10,8
acct_01323,2026-03-30,7
acct_01324,2026-03-06,5
acct_01325,,0
acct_01326,,0
acct_01327,,0
acct_01328,,0
acct_01329,2026-02-17,6
acct_01330,2026-03-29,8
acct_01331,2026-03-11,7
acct_01332,2026-03-16,8
acct_01333,,0
acct_01334,2026-04-19,8
acct_01335,2026-04-02,8
acct_01336,2026-02-28,3
acct_01337,2026-03-19,4
acct_01338,,0
acct_01339,2026-03-02,7
acct_01340,2026-02-08,8
acct_01341,2026-03-30,8
acct_01342,2026-03-09,4
acct_01343,2026-03-18,8
acct_01344,2026-04-25,8
acct_01345,2026-03-14,8
acct_01346,2026-03-19,3
acct_01347,2026-03-03,6
acct_01348,2026-03-04,6
acct_01349,2026-02-15,4
acct_01350,,0
acct_01351,2026-04-06,4
acct_01352,2026-02-24,8
acct_01353,2026-02-24,8
acct_01354,2026-04-02,8
acct_01355,2026-01-19,8
acct_01356,2026-03-09,7
acct_01357,2026-03-16,4
acct_01358,2026-03-24,6
acct_01359,2026-02-15,7
acct_01360,2026-03-20,7
acct_01361,2026-02-26,8
acct_01362,2026-03-13,8
acct_01363,2026-01-24,8
acct_01364,2026-03-11,6
acct_01365,,0
acct_01366,2026-02-20,5
acct_01367,2026-02-13,6
acct_01368,2026-02-16,7
acct_01369,2026-02-25,8
acct_01370,2026-02-05,8
acct_01371,,0
acct_01372,,0
acct_01373,2026-03-31,6
acct_01374,2026-04-28,5
acct_01375,2026-02-05,7
acct_01376,2026-03-17,8
acct_01377,2026-04-02,8
acct_01378,2026-03-15,8
acct_01379,2026-03-02,8
acct_01380,2026-03-02,8
acct_01381,,0
acct_01382,,0
acct_01383,2026-04-30,8
acct_01384,,0
acct_01385,2026-02-02,4
acct_01386,2026-03-27,7
acct_01387,2026-02-26,8
acct_01388,2026-04-11,7
acct_01389,2026-01-24,8
acct_01390,2026-04-13,7
acct_01391,2026-04-16,2
acct_01392,2026-02-06,7
acct_01393,2026-01-28,8
acct_01394,,0
acct_01395,2026-02-17,5
acct_01396,2026-03-15,7
acct_01397,2026-04-10,7
acct_01398,2026-03-17,7
acct_01399,,0
acct_01400,2026-03-11,4
acct_01401,2026-02-02,8
acct_01402,2026-04-20,8
acct_01403,2026-03-14,1
acct_01404,2026-02-26,5
acct_01405,2026-03-01,5
acct_01406,2026-04-21,7
acct_01407,2026-02-03,8
acct_01408,2026-04-10,5
acct_01409,,0
acct_01410,2026-03-30,8
acct_01411,2026-04-25,6
acct_01412,2026-04-03,5
acct_01413,2026-04-16,7
acct_01414,2026-02-08,7
acct_01415,,0
acct_01416,,0
acct_01417,2026-03-11,8
acct_01418,2026-04-11,6
acct_01419,,0
acct_01420,2026-03-21,7
acct_01421,2026-03-14,5
acct_01422,2026-03-04,8
acct_01423,2026-03-08,8
acct_01424,2026-03-05,8
acct_01425,2026-03-05,8
acct_01426,,0
acct_01427,2026-01-31,8
acct_01428,,0
acct_01429,2026-03-02,8
acct_01430,2026-04-18,7
acct_01431,2026-03-13,8
acct_01432,2026-01-25,8
acct_01433,,0
acct_01434,2026-02-15,8
acct_01435,2026-04-27,8
acct_01436,2026-02-25,7
acct_01437,,0
acct_01438,2026-04-11,8
acct_01439,2026-04-21,8
acct_01440,2026-02-20,7
acct_01441,2026-01-27,7
acct_01442,2026-02-09,8
acct_01443,2026-01-28,8
acct_01444,2026-02-22,7
acct_01445,,0
acct_01446,,0
acct_01447,2026-03-14,5
acct_01448,2026-03-16,7
acct_01449,2026-02-16,8
acct_01450,2026-03-26,7
acct_01451,2026-03-13,8
acct_01452,,0
acct_01453,2026-04-28,6
acct_01454,2026-02-24,8
acct_01455,2026-02-04,8
acct_01456,2026-02-20,8
acct_01457,2026-03-03,8
acct_01458,,0
acct_01459,2026-03-03,7
acct_01460,,0
acct_01461,2026-03-12,7
acct_01462,2026-02-18,6
acct_01463,2026-02-23,8
acct_01464,2026-03-17,8
acct_01465,2026-04-03,3
acct_01466,2026-03-03,8
acct_01467,2026-02-16,8
acct_01468,2026-04-01,5
acct_01469,2026-02-11,8
acct_01470,2026-04-13,8
acct_01471,2026-02-22,5
acct_01472,2026-02-04,8
acct_01473,,0
acct_01474,2026-03-26,4
acct_01475,2026-03-13,7
acct_01476,2026-03-05,7
acct_01477,2026-05-03,7
acct_01478,,0
acct_01479,2026-03-10,8
acct_01480,2026-03-05,6
acct_01481,2026-02-03,8
acct_01482,,0
acct_01483,2026-02-17,8
acct_01484,2026-03-14,8
acct_01485,,0
acct_01486,2026-05-10,5
acct_01487,2026-03-09,8
acct_01488,2026-04-18,2
acct_01489,2026-03-04,8
acct_01490,2026-02-07,7
acct_01491,2026-03-28,8
acct_01492,2026-03-14,8
acct_01493,2026-03-30,6
acct_01494,2026-03-02,8
acct_01495,2026-03-15,8
acct_01496,2026-04-02,8
acct_01497,2026-03-19,7
acct_01498,2026-02-25,7
acct_01499,2026-03-21,5
acct_01500,2026-03-16,8
acct_01501,,0
acct_01502,2026-03-11,8
acct_01503,2026-03-07,6
acct_01504,,0
acct_01505,2026-03-09,7
acct_01506,,0
acct_01507,2026-03-04,8
acct_01508,2026-02-18,6
acct_01509,2026-03-22,8
acct_01510,2026-02-10,8
acct_01511,2026-02-21,4
acct_01512,2026-03-27,4
acct_01513,2026-03-23,8
acct_01514,2026-04-05,8
acct_01515,2026-02-20,7
acct_01516,2026-02-06,7
acct_01517,2026-04-22,7
acct_01518,2026-02-12,8
acct_01519,2026-02-18,8
acct_01520,,0
acct_01521,2026-03-08,8
acct_01522,2026-04-06,7
acct_01523,,0
acct_01524,2026-03-25,5
acct_01525,2026-02-22,7
acct_01526,2026-02-27,8
acct_01527,2026-03-16,5
acct_01528,2026-03-08,0
acct_01529,,0
acct_01530,2026-03-01,5
acct_01531,2026-02-10,6
acct_01532,,0
acct_01533,2026-03-30,6
acct_01534,2026-02-03,8
acct_01535,2026-03-09,6
acct_01536,2026-03-27,8
acct_01537,2026-03-22,7
acct_01538,2026-04-11,2
acct_01539,2026-03-20,1
acct_01540,2026-04-06,5
acct_01541,2026-02-17,8
acct_01542,2026-03-21,1
acct_01543,2026-02-17,7
acct_01544,2026-03-07,7
acct_01545,2026-03-04,7
acct_01546,2026-02-18,7
acct_01547,,0
acct_01548,2026-02-24,8
acct_01549,2026-02-22,7
acct_01550,,0
acct_01551,2026-03-08,7
acct_01552,2026-03-03,5
acct_01553,2026-03-08,4
acct_01554,2026-03-05,2
acct_01555,2026-03-26,5
acct_01556,2026-04-15,8
acct_01557,2026-03-12,8
acct_01558,2026-03-21,7
acct_01559,2026-04-05,7
acct_01560,2026-05-07,6
acct_01561,2026-03-18,8
acct_01562,2026-04-06,8
acct_01563,2026-04-07,8
acct_01564,2026-03-25,8
acct_01565,,0
acct_01566,2026-02-07,5
acct_01567,2026-01-17,8
acct_01568,2026-03-05,8
acct_01569,2026-03-07,8
acct_01570,2026-03-01,7
acct_01571,2026-03-09,8
acct_01572,,0
acct_01573,2026-03-31,7
acct_01574,2026-02-04,8
acct_01575,2026-02-22,7
acct_01576,,0
acct_01577,2026-04-05,6
acct_01578,2026-04-30,7
acct_01579,2026-04-03,8
acct_01580,2026-04-13,7
acct_01581,2026-02-22,8
acct_01582,,0
acct_01583,,0
acct_01584,2026-04-08,1
acct_01585,2026-04-14,8
acct_01586,2026-03-05,6
acct_01587,,0
acct_01588,2026-02-26,6
acct_01589,,0
acct_01590,2026-02-15,7
acct_01591,2026-01-31,8
acct_01592,2026-04-30,4
acct_01593,2026-03-06,7
acct_01594,2026-03-29,8
acct_01595,2026-04-07,3
acct_01596,2026-02-15,8
acct_01597,2026-02-18,6
acct_01598,2026-03-27,8
acct_01599,2026-02-20,8
acct_01600,,0
acct_01601,2026-02-08,8
acct_01602,,0
acct_01603,,0
acct_01604,2026-02-20,7
acct_01605,2026-02-22,8
acct_01606,2026-04-19,7
acct_01607,2026-02-20,8
acct_01608,2026-03-02,7
acct_01609,2026-03-06,6
acct_01610,2026-02-22,7
acct_01611,2026-04-09,1
acct_01612,2026-03-25,7
acct_01613,2026-03-07,5
acct_01614,2026-04-04,6
acct_01615,2026-02-19,6
acct_01616,,0
acct_01617,2026-03-18,4
acct_01618,2026-05-11,6
acct_01619,2026-01-26,7
acct_01620,2026-02-21,6
acct_01621,2026-03-08,8
acct_01622,2026-04-08,6
acct_01623,2026-02-05,8
acct_01624,2026-03-01,7
acct_01625,2026-03-23,6
acct_01626,2026-03-02,8
acct_01627,2026-02-14,8
acct_01628,2026-02-14,8
acct_01629,2026-03-03,8
acct_01630,2026-03-07,6
acct_01631,2026-04-14,5
acct_01632,2026-03-26,7
acct_01633,,0
acct_01634,2026-04-29,8
acct_01635,2026-03-02,8
acct_01636,,0
acct_01637,2026-04-20,4
acct_01638,2026-02-20,7
acct_01639,,0
acct_01640,2026-03-22,8
acct_01641,2026-02-05,8
acct_01642,2026-03-07,7
acct_01643,2026-02-14,8
acct_01644,2026-02-17,7
acct_01645,,0
acct_01646,2026-03-03,3
acct_01647,2026-03-26,7
acct_01648,2026-04-07,8
acct_01649,2026-04-24,0
acct_01650,2026-02-25,6
acct_01651,,0
acct_01652,,0
acct_01653,2026-02-09,8
acct_01654,2026-04-13,8
acct_01655,2026-03-02,7
acct_01656,2026-02-23,8
acct_01657,2026-04-02,8
acct_01658,2026-03-02,7
acct_01659,2026-01-29,6
acct_01660,2026-02-13,7
acct_01661,,0
acct_01662,2026-04-05,4
acct_01663,,0
acct_01664,2026-04-12,6
acct_01665,2026-04-06,7
acct_01666,2026-03-31,7
acct_01667,2026-02-16,8
acct_01668,2026-01-26,8
acct_01669,2026-04-13,3
acct_01670,2026-02-23,8
acct_01671,2026-03-16,7
acct_01672,2026-03-25,7
acct_01673,2026-02-24,3
acct_01674,2026-03-28,7
acct_01675,2026-04-15,7
acct_01676,2026-03-21,8
acct_01677,2026-03-07,8
acct_01678,2026-04-05,8
acct_01679,2026-03-10,8
acct_01680,2026-04-02,6
acct_01681,2026-03-29,8
acct_01682,2026-03-22,8
acct_01683,2026-02-27,7
acct_01684,,0
acct_01685,2026-02-17,8
acct_01686,2026-03-06,8
acct_01687,2026-03-06,8
acct_01688,2026-03-18,7
acct_01689,2026-02-28,8
acct_01690,2026-03-29,7
acct_01691,2026-04-10,7
acct_01692,2026-02-23,8
acct_01693,2026-03-23,8
acct_01694,2026-03-18,7
acct_01695,2026-03-08,7
acct_01696,2026-02-14,8
acct_01697,2026-03-27,8
acct_01698,2026-05-06,3
acct_01699,2026-03-28,4
acct_01700,2026-04-08,8
acct_01701,2026-04-24,8
acct_01702,2026-03-13,3
acct_01703,2026-03-17,5
acct_01704,2026-03-07,8
acct_01705,2026-04-26,8
acct_01706,2026-02-04,7
acct_01707,2026-03-13,3
acct_01708,2026-04-03,8
acct_01709,2026-03-05,5
acct_01710,2026-03-24,8
acct_01711,,0
acct_01712,2026-04-27,6
acct_01713,2026-04-08,8
acct_01714,2026-03-14,1
acct_01715,2026-03-25,8
acct_01716,2026-02-28,5
acct_01717,2026-03-19,6
acct_01718,2026-03-15,8
acct_01719,2026-03-30,8
acct_01720,2026-01-23,4
acct_01721,2026-02-17,8
acct_01722,,0
acct_01723,2026-03-16,4
acct_01724,2026-03-18,3
acct_01725,,0
acct_01726,2026-03-16,2
acct_01727,2026-04-09,7
acct_01728,2026-01-29,7
acct_01729,2026-03-20,2
acct_01730,2026-04-14,8
acct_01731,2026-01-25,8
acct_01732,2026-03-23,8
acct_01733,2026-02-27,5
acct_01734,2026-04-10,6
acct_01735,,0
acct_01736,,0
acct_01737,2026-02-27,6
acct_01738,,0
acct_01739,2026-03-25,7
acct_01740,2026-02-22,5
acct_01741,2026-02-17,8
acct_01742,2026-01-20,8
acct_01743,2026-04-18,7
acct_01744,,0
acct_01745,2026-03-14,6
acct_01746,2026-03-23,8
acct_01747,2026-03-10,7
acct_01748,,0
acct_01749,2026-03-06,7
acct_01750,2026-03-19,6
acct_01751,2026-02-18,6
acct_01752,2026-04-04,8
acct_01753,2026-03-26,8
acct_01754,2026-03-04,7
acct_01755,2026-03-12,7
acct_01756,2026-02-09,8
acct_01757,2026-04-20,8
acct_01758,2026-04-12,7
acct_01759,2026-04-13,7
acct_01760,2026-02-24,8
acct_01761,2026-02-15,7
acct_01762,2026-02-20,8
acct_01763,2026-02-02,8
acct_01764,2026-02-10,7
acct_01765,2026-01-31,8
acct_01766,2026-05-03,7
acct_01767,2026-01-31,7
acct_01768,2026-02-08,8
acct_01769,2026-04-06,5
acct_01770,2026-03-22,8
acct_01771,,0
acct_01772,2026-03-18,6
acct_01773,2026-04-05,8
acct_01774,2026-03-15,7
acct_01775,2026-03-07,8
acct_01776,2026-03-27,6
acct_01777,2026-03-11,4
acct_01778,2026-02-26,8
acct_01779,2026-03-10,6
acct_01780,2026-02-17,8
acct_01781,2026-03-25,8
acct_01782,,0
acct_01783,,0
acct_01784,2026-02-22,7
acct_01785,2026-04-09,4
acct_01786,2026-02-26,8
acct_01787,2026-03-26,7
acct_01788,2026-04-30,0
acct_01789,,0
acct_01790,2026-03-27,7
acct_01791,2026-02-23,8
acct_01792,,0
acct_01793,,0
acct_01794,,0
acct_01795,2026-02-26,6
acct_01796,2026-03-10,8
acct_01797,2026-02-22,8
acct_01798,2026-03-16,8
acct_01799,,0
acct_01800,2026-03-17,7
acct_01801,2026-03-14,8
acct_01802,2026-02-18,5
acct_01803,2026-03-28,5
acct_01804,2026-03-25,7
acct_01805,,0
acct_01806,,0
acct_01807,,0
acct_01808,2026-03-08,6
acct_01809,2026-02-04,7
acct_01810,2026-02-24,6
acct_01811,2026-03-03,8
acct_01812,2026-03-23,7
acct_01813,2026-02-19,8
acct_01814,2026-03-31,7
acct_01815,2026-03-11,7
acct_01816,2026-03-27,7
acct_01817,2026-03-06,8
acct_01818,2026-03-07,5
acct_01819,2026-03-24,5
acct_01820,2026-04-12,8
acct_01821,2026-03-07,8
acct_01822,2026-03-09,8
acct_01823,2026-03-21,5
acct_01824,2026-03-22,7
acct_01825,2026-02-01,7
acct_01826,2026-03-17,3
acct_01827,2026-03-04,8
acct_01828,2026-04-20,4
acct_01829,,0
acct_01830,2026-03-06,8
acct_01831,2026-04-17,8
acct_01832,,0
acct_01833,2026-03-02,4
acct_01834,2026-02-17,7
acct_01835,2026-02-12,4
acct_01836,2026-01-18,2
acct_01837,2026-03-05,8
acct_01838,2026-03-28,6
acct_01839,2026-03-22,8
acct_01840,2026-01-26,8
acct_01841,2026-03-20,6
acct_01842,2026-02-10,8
acct_01843,2026-04-17,8
acct_01844,2026-02-17,7
acct_01845,2026-03-17,8
acct_01846,2026-02-24,8
acct_01847,2026-03-17,8
acct_01848,2026-03-07,7
acct_01849,2026-04-08,3
acct_01850,,0
acct_01851,2026-04-12,8
acct_01852,,0
acct_01853,2026-04-01,6
acct_01854,2026-04-02,8
acct_01855,,0
acct_01856,2026-02-16,8
acct_01857,2026-02-20,8
acct_01858,2026-02-19,8
acct_01859,2026-02-22,8
acct_01860,,0
acct_01861,,0
acct_01862,2026-05-03,6
acct_01863,2026-03-10,7
acct_01864,2026-03-22,5
acct_01865,2026-04-02,7
acct_01866,2026-04-14,8
acct_01867,2026-02-15,8
acct_01868,2026-03-18,6
acct_01869,2026-04-05,6
acct_01870,2026-02-28,8
acct_01871,,0
acct_01872,2026-04-29,6
acct_01873,2026-05-06,4
acct_01874,2026-04-08,8
acct_01875,2026-03-26,8
acct_01876,2026-02-27,6
acct_01877,,0
acct_01878,2026-03-10,8
acct_01879,2026-03-11,8
acct_01880,2026-03-12,7
acct_01881,2026-03-17,6
acct_01882,2026-03-01,8
acct_01883,2026-04-01,4
acct_01884,2026-02-25,8
acct_01885,2026-03-08,2
acct_01886,2026-02-11,7
acct_01887,2026-02-16,8
acct_01888,2026-04-02,8
acct_01889,2026-03-03,8
acct_01890,2026-02-22,6
acct_01891,2026-03-30,6
acct_01892,2026-03-09,8
acct_01893,2026-01-22,7
acct_01894,2026-02-25,7
acct_01895,2026-02-15,7
acct_01896,,0
acct_01897,2026-02-20,8
acct_01898,2026-01-30,8
acct_01899,2026-01-29,7
acct_01900,2026-03-10,8
acct_01901,2026-01-19,8
acct_01902,2026-04-16,3
acct_01903,,0
acct_01904,,0
acct_01905,,0
acct_01906,2026-03-04,7
acct_01907,2026-02-08,7
acct_01908,2026-03-29,7
acct_01909,2026-04-09,6
acct_01910,2026-01-14,8
acct_01911,2026-03-04,3
acct_01912,,0
acct_01913,2026-03-08,8
acct_01914,2026-02-11,7
acct_01915,2026-02-22,7
acct_01916,2026-03-23,7
acct_01917,2026-03-23,7
acct_01918,2026-03-12,8
acct_01919,2026-04-18,8
acct_01920,2026-03-06,8
acct_01921,2026-03-03,5
acct_01922,,0
acct_01923,2026-02-26,7
acct_01924,2026-02-20,5
acct_01925,2026-01-30,8
acct_01926,2026-02-28,7
acct_01927,2026-03-31,5
acct_01928,2026-01-24,6
acct_01929,2026-03-06,6
acct_01930,2026-03-22,5
acct_01931,2026-03-31,2
acct_01932,2026-03-24,7
acct_01933,2026-04-01,7
acct_01934,2026-03-21,6
acct_01935,2026-02-04,8
acct_01936,2026-03-04,8
acct_01937,2026-03-20,5
acct_01938,2026-03-09,3
acct_01939,2026-01-24,8
acct_01940,2026-03-06,6
acct_01941,2026-03-15,5
acct_01942,2026-03-07,7
acct_01943,2026-02-13,8
acct_01944,2026-04-02,8
acct_01945,2026-04-23,3
acct_01946,2026-03-03,2
acct_01947,2026-04-14,7
acct_01948,2026-01-16,8
acct_01949,2026-04-13,8
acct_01950,2026-04-15,8
acct_01951,2026-01-16,6
acct_01952,,0
acct_01953,2026-04-20,8
acct_01954,2026-04-09,7
acct_01955,2026-04-25,6
acct_01956,2026-03-13,7
acct_01957,2026-02-05,7
acct_01958,2026-04-09,5
acct_01959,2026-03-17,6
acct_01960,2026-03-14,8
acct_01961,2026-03-03,8
acct_01962,2026-03-15,8
acct_01963,2026-02-15,7
acct_01964,2026-03-21,8
acct_01965,2026-02-14,2
acct_01966,2026-03-21,6
acct_01967,2026-03-30,8
acct_01968,2026-03-10,7
acct_01969,2026-03-07,8
acct_01970,2026-03-14,5
acct_01971,2026-04-24,6
acct_01972,2026-03-23,7
acct_01973,2026-02-28,8
acct_01974,2026-03-01,2
acct_01975,2026-02-16,8
acct_01976,2026-03-05,8
acct_01977,2026-04-14,8
acct_01978,2026-03-26,6
acct_01979,2026-02-25,7
acct_01980,2026-04-06,6
acct_01981,,0
acct_01982,2026-03-30,8
acct_01983,2026-02-19,8
acct_01984,,0
acct_01985,2026-04-09,8
acct_01986,2026-02-19,8
acct_01987,2026-03-21,8
acct_01988,2026-04-30,6
acct_01989,2026-02-18,5
acct_01990,2026-02-18,4
acct_01991,2026-04-03,4
acct_01992,2026-03-19,1
acct_01993,2026-01-29,8
acct_01994,2026-03-09,7
acct_01995,2026-03-30,5
acct_01996,2026-02-21,8
acct_01997,2026-02-26,8
acct_01998,2026-04-03,7
acct_01999,2026-03-16,6
acct_02000,2026-03-31,7
acct_02001,2026-03-04,7
acct_02002,2026-04-20,4
acct_02003,2026-03-14,8
acct_02004,2026-02-06,8
acct_02005,,0
acct_02006,2026-03-07,7
acct_02007,2026-02-11,6
acct_02008,2026-02-10,8
acct_02009,2026-03-18,8
acct_02010,2026-01-30,7
acct_02011,,0
acct_02012,2026-02-13,6
acct_02013,,0
acct_02014,2026-03-14,7
acct_02015,2026-03-08,8
acct_02016,2026-02-22,8
acct_02017,,0
acct_02018,2026-03-12,8
acct_02019,2026-03-09,4
acct_02020,2026-03-21,6
acct_02021,2026-02-24,4
acct_02022,2026-01-19,4
acct_02023,2026-02-19,8
acct_02024,2026-03-03,8
acct_02025,2026-03-03,8
acct_02026,2026-03-29,6
acct_02027,2026-03-16,3
acct_02028,2026-03-17,7
acct_02029,2026-03-11,8
acct_02030,2026-01-20,6
acct_02031,2026-03-08,8
acct_02032,2026-02-26,7
acct_02033,2026-03-02,7
acct_02034,2026-02-06,8
acct_02035,2026-03-25,8
acct_02036,2026-04-16,6
acct_02037,2026-01-24,7
acct_02038,2026-03-13,8
acct_02039,2026-03-27,8
acct_02040,,0
acct_02041,2026-03-27,8
acct_02042,2026-03-14,7
acct_02043,2026-04-11,8
acct_02044,2026-05-12,2
acct_02045,2026-01-23,8
acct_02046,2026-03-04,8
acct_02047,2026-03-14,7
acct_02048,2026-03-11,1
acct_02049,2026-03-26,0
acct_02050,2026-05-19,1
acct_02051,,0
acct_02052,2026-03-04,7
acct_02053,2026-03-31,8
acct_02054,2026-02-27,7
acct_02055,2026-03-06,8
acct_02056,2026-04-27,6
acct_02057,2026-03-04,8
acct_02058,2026-02-11,8
acct_02059,2026-01-27,8
acct_02060,2026-04-21,6
acct_02061,,0
acct_02062,2026-03-13,7
acct_02063,,0
acct_02064,2026-03-05,5
acct_02065,,0
acct_02066,2026-03-08,7
acct_02067,2026-04-23,8
acct_02068,2026-02-20,7
acct_02069,2026-03-10,7
acct_02070,,0
acct_02071,,0
acct_02072,2026-03-01,6
acct_02073,2026-04-19,2
acct_02074,2026-02-28,8
acct_02075,2026-03-17,5
acct_02076,2026-04-26,8
acct_02077,2026-02-21,5
acct_02078,2026-02-26,5
acct_02079,2026-01-24,8
acct_02080,2026-03-07,7
acct_02081,,0
acct_02082,2026-03-20,6
acct_02083,2026-02-14,7
acct_02084,2026-03-18,7
acct_02085,2026-02-20,8
acct_02086,2026-03-04,8
acct_02087,2026-03-04,6
acct_02088,2026-03-20,7
acct_02089,2026-03-05,8
acct_02090,2026-03-03,7
acct_02091,,0
acct_02092,2026-03-15,7
acct_02093,2026-02-20,7
acct_02094,,0
acct_02095,2026-03-04,7
acct_02096,2026-01-28,6
acct_02097,2026-03-05,8
acct_02098,2026-02-14,6
acct_02099,2026-02-24,7
acct_02100,,0
acct_02101,,0
acct_02102,2026-04-03,4
acct_02103,2026-04-16,6
acct_02104,2026-03-16,5
acct_02105,2026-03-21,5
acct_02106,2026-04-06,4
acct_02107,2026-05-06,4
acct_02108,,0
acct_02109,2026-02-12,6
acct_02110,2026-03-11,7
acct_02111,,0
acct_02112,2026-02-16,7
acct_02113,2026-03-22,7
acct_02114,,0
acct_02115,2026-04-11,7
acct_02116,2026-02-25,5
acct_02117,2026-01-23,8
acct_02118,2026-02-19,3
acct_02119,2026-02-20,8
acct_02120,2026-02-26,8
acct_02121,2026-01-29,7
acct_02122,2026-02-24,8
acct_02123,2026-02-16,7
acct_02124,,0
acct_02125,2026-02-27,8
acct_02126,2026-03-04,6
acct_02127,2026-02-25,8
acct_02128,2026-02-03,8
acct_02129,2026-01-23,6
acct_02130,2026-02-16,7
acct_02131,2026-03-30,5
acct_02132,,0
acct_02133,2026-04-15,8
acct_02134,2026-03-29,1
acct_02135,2026-03-08,8
acct_02136,2026-02-27,7
acct_02137,2026-03-26,5
acct_02138,2026-03-23,8
acct_02139,2026-03-29,8
acct_02140,2026-04-07,6
acct_02141,2026-03-04,7
acct_02142,2026-03-23,7
acct_02143,2026-03-30,8
acct_02144,2026-02-27,4
acct_02145,2026-04-14,6
acct_02146,2026-02-06,7
acct_02147,,0
acct_02148,,0
acct_02149,2026-02-10,6
acct_02150,2026-03-26,6
acct_02151,2026-01-28,7
acct_02152,,0
acct_02153,,0
acct_02154,2026-03-12,8
acct_02155,2026-04-05,6
acct_02156,2026-02-21,4
acct_02157,,0
acct_02158,2026-03-03,8
acct_02159,2026-02-08,3
acct_02160,2026-03-03,8
acct_02161,,0
acct_02162,2026-03-03,7
acct_02163,,0
acct_02164,,0
acct_02165,2026-02-24,6
acct_02166,2026-04-07,8
acct_02167,2026-03-09,4
acct_02168,2026-02-23,8
acct_02169,2026-03-08,7
acct_02170,,0
acct_02171,2026-02-18,8
acct_02172,2026-03-09,7
acct_02173,2026-02-09,8
acct_02174,,0
acct_02175,2026-03-11,8
acct_02176,2026-03-07,7
acct_02177,2026-03-31,6
acct_02178,2026-02-18,8
acct_02179,2026-04-22,7
acct_02180,2026-03-27,6
acct_02181,2026-04-23,7
acct_02182,2026-04-04,7
acct_02183,2026-02-10,8
acct_02184,2026-03-18,5
acct_02185,2026-02-19,7
acct_02186,2026-03-28,8
acct_02187,2026-03-14,7
acct_02188,2026-02-23,8
acct_02189,,0
acct_02190,,0
acct_02191,2026-03-12,7
acct_02192,2026-03-20,8
acct_02193,2026-01-31,7
acct_02194,2026-03-16,5
acct_02195,2026-03-28,8
acct_02196,,0
acct_02197,,0
acct_02198,2026-02-20,8
acct_02199,2026-03-21,6
acct_02200,2026-02-09,6
acct_02201,2026-04-16,7
acct_02202,2026-04-09,6
acct_02203,,0
acct_02204,,0
acct_02205,2026-03-12,8
acct_02206,,0
acct_02207,2026-03-12,8
acct_02208,2026-02-11,8
acct_02209,2026-02-08,8
acct_02210,2026-05-06,7
acct_02211,2026-03-08,8
acct_02212,2026-04-04,8
acct_02213,2026-03-07,8
acct_02214,2026-04-08,8
acct_02215,2026-02-17,5
acct_02216,2026-02-05,8
acct_02217,2026-04-12,8
acct_02218,2026-04-18,8
acct_02219,,0
acct_02220,2026-03-10,3
acct_02221,2026-03-09,5
acct_02222,2026-03-27,0
acct_02223,2026-02-18,7
acct_02224,2026-04-06,8
acct_02225,2026-02-19,8
acct_02226,2026-03-25,6
acct_02227,2026-02-02,7
acct_02228,2026-01-23,8
acct_02229,2026-03-18,8
acct_02230,2026-02-25,8
acct_02231,,0
acct_02232,2026-02-04,8
acct_02233,,0
acct_02234,2026-03-24,6
acct_02235,2026-04-08,7
acct_02236,,0
acct_02237,,0
acct_02238,2026-03-02,7
acct_02239,2026-03-16,5
acct_02240,2026-02-27,5
acct_02241,2026-01-30,7
acct_02242,2026-03-01,8
acct_02243,2026-02-21,8
acct_02244,2026-02-28,8
acct_02245,2026-02-16,8
acct_02246,2026-03-03,7
acct_02247,2026-03-16,7
acct_02248,2026-03-05,7
acct_02249,,0
acct_02250,2026-03-10,8
acct_02251,2026-03-30,7
acct_02252,2026-02-26,8
acct_02253,2026-03-17,8
acct_02254,2026-04-22,6
acct_02255,2026-03-13,8
acct_02256,,0
acct_02257,2026-03-27,8
acct_02258,2026-01-29,8
acct_02259,2026-03-08,5
acct_02260,2026-03-22,7
acct_02261,2026-05-12,2
acct_02262,2026-03-04,8
acct_02263,,0
acct_02264,,0
acct_02265,2026-02-08,6
acct_02266,2026-04-03,4
acct_02267,2026-03-12,8
acct_02268,2026-03-25,7
acct_02269,,0
acct_02270,,0
acct_02271,2026-03-14,7
acct_02272,2026-03-26,8
acct_02273,2026-04-04,6
acct_02274,,0
acct_02275,2026-01-23,8
acct_02276,2026-03-11,8
acct_02277,2026-03-07,3
acct_02278,,0
acct_02279,2026-03-17,5
acct_02280,2026-03-02,7
acct_02281,2026-02-17,8
acct_02282,2026-03-14,3
acct_02283,2026-03-19,8
acct_02284,2026-02-14,8
acct_02285,2026-02-04,8
acct_02286,,0
acct_02287,2026-03-23,8
acct_02288,2026-02-18,6
acct_02289,2026-02-23,7
acct_02290,2026-04-23,7
acct_02291,2026-03-19,8
acct_02292,2026-03-13,8
acct_02293,2026-02-25,8
acct_02294,2026-02-23,6
acct_02295,2026-01-23,8
acct_02296,2026-03-31,4
acct_02297,2026-01-24,8
acct_02298,2026-01-28,3
acct_02299,2026-03-24,4
acct_02300,2026-04-20,6
acct_02301,2026-03-24,8
acct_02302,2026-03-10,6
acct_02303,2026-03-09,7
acct_02304,2026-03-04,7
acct_02305,2026-03-02,7
acct_02306,2026-03-08,8
acct_02307,,0
acct_02308,2026-03-19,6
acct_02309,2026-04-07,8
acct_02310,2026-05-18,5
acct_02311,2026-02-02,8
acct_02312,2026-03-03,8
acct_02313,2026-02-13,7
acct_02314,2026-02-27,7
acct_02315,2026-03-05,7
acct_02316,,0
acct_02317,2026-03-23,8
acct_02318,2026-03-11,7
acct_02319,2026-04-15,7
acct_02320,2026-02-06,2
acct_02321,2026-01-30,8
acct_02322,2026-02-28,8
acct_02323,,0
acct_02324,2026-03-06,4
acct_02325,2026-04-30,6
acct_02326,2026-02-21,7
acct_02327,2026-02-15,8
acct_02328,2026-03-11,8
acct_02329,2026-03-08,8
acct_02330,2026-03-12,7
acct_02331,2026-02-27,8
acct_02332,2026-03-28,8
acct_02333,2026-02-21,6
acct_02334,2026-03-05,6
acct_02335,2026-03-17,8
acct_02336,2026-04-09,5
acct_02337,2026-03-17,4
acct_02338,2026-03-09,8
acct_02339,,0
acct_02340,2026-02-13,8
acct_02341,2026-02-01,8
acct_02342,2026-04-03,6
acct_02343,2026-03-01,6
acct_02344,,0
acct_02345,2026-02-02,8
acct_02346,2026-04-01,8
acct_02347,,0
acct_02348,2026-02-06,8
acct_02349,2026-01-27,6
acct_02350,2026-01-29,8
acct_02351,2026-04-02,7
acct_02352,2026-02-18,7
acct_02353,2026-03-09,7
acct_02354,2026-03-02,8
acct_02355,2026-04-14,2
acct_02356,,0
acct_02357,2026-03-08,6
acct_02358,2026-04-26,8
acct_02359,2026-02-10,7
acct_02360,2026-03-31,7
acct_02361,2026-01-28,8
acct_02362,2026-03-11,7
acct_02363,2026-04-06,7
acct_02364,2026-03-15,8
acct_02365,2026-03-18,8
acct_02366,2026-02-20,7
acct_02367,2026-03-10,6
acct_02368,2026-02-26,8
acct_02369,,0
acct_02370,2026-03-05,8
acct_02371,2026-02-26,7
acct_02372,2026-02-24,7
acct_02373,,0
acct_02374,2026-03-11,6
acct_02375,2026-02-22,7
acct_02376,,0
acct_02377,2026-03-11,8
acct_02378,2026-02-09,7
acct_02379,,0
acct_02380,2026-03-31,6
acct_02381,2026-03-08,4
acct_02382,2026-02-21,7
acct_02383,2026-01-27,3
acct_02384,2026-01-25,8
acct_02385,,0
acct_02386,2026-04-28,8
acct_02387,2026-01-27,7
acct_02388,2026-03-26,8
acct_02389,2026-01-31,7
acct_02390,2026-03-13,7
acct_02391,2026-03-25,8
acct_02392,2026-02-27,8
acct_02393,2026-01-13,8
acct_02394,,0
acct_02395,2026-05-04,8
acct_02396,,0
acct_02397,2026-03-01,3
acct_02398,2026-02-06,8
acct_02399,,0
acct_02400,,0
acct_02401,2026-03-25,8
acct_02402,,0
acct_02403,2026-04-22,3
acct_02404,2026-03-29,8
acct_02405,,0
acct_02406,2026-03-10,8
acct_02407,2026-03-05,3
acct_02408,2026-03-03,7
acct_02409,2026-04-11,8
acct_02410,2026-03-20,7
acct_02411,,0
acct_02412,2026-03-03,7
acct_02413,2026-03-08,8
acct_02414,2026-03-11,7
acct_02415,2026-02-06,8
acct_02416,,0
acct_02417,2026-03-17,5
acct_02418,2026-02-14,5
acct_02419,2026-04-18,6
acct_02420,2026-02-08,8
acct_02421,2026-02-18,7
acct_02422,2026-03-24,8
acct_02423,2026-02-09,7
acct_02424,,0
acct_02425,2026-03-30,4
acct_02426,2026-02-08,8
acct_02427,,0
acct_02428,2026-04-09,2
acct_02429,,0
acct_02430,2026-03-29,8
acct_02431,2026-03-20,7
acct_02432,,0
acct_02433,2026-02-24,8
acct_02434,2026-03-17,8
acct_02435,2026-04-15,8
acct_02436,2026-03-21,6
acct_02437,2026-03-22,6
acct_02438,2026-03-05,8
acct_02439,2026-03-24,6
acct_02440,2026-05-02,8
acct_02441,2026-02-17,6
acct_02442,,0
acct_02443,,0
acct_02444,2026-03-09,6
acct_02445,2026-03-21,4
acct_02446,,0
acct_02447,2026-03-05,5
acct_02448,,0
acct_02449,2026-03-12,7
acct_02450,2026-03-18,7
acct_02451,2026-03-23,8
acct_02452,2026-03-24,6
acct_02453,2026-03-26,8
acct_02454,2026-03-19,6
acct_02455,2026-03-09,8
acct_02456,2026-03-15,6
acct_02457,,0
acct_02458,2026-02-22,8
acct_02459,,0
acct_02460,2026-04-07,7
acct_02461,2026-03-17,8
acct_02462,2026-02-04,8
acct_02463,2026-03-21,3
acct_02464,2026-02-17,7
acct_02465,2026-03-23,8
acct_02466,2026-03-30,8
acct_02467,2026-03-12,8
acct_02468,2026-03-22,7
acct_02469,2026-02-26,8
acct_02470,2026-03-05,8
acct_02471,2026-04-02,8
acct_02472,,0
acct_02473,2026-03-10,8
acct_02474,2026-03-09,4
acct_02475,2026-01-25,8
acct_02476,,0
acct_02477,2026-02-15,8
acct_02478,2026-03-05,5
acct_02479,2026-04-14,8
acct_02480,2026-03-07,7
acct_02481,2026-02-18,8
acct_02482,,0
acct_02483,,0
acct_02484,,0
acct_02485,2026-03-02,8
acct_02486,2026-03-25,8
acct_02487,2026-03-26,8
acct_02488,2026-02-06,8
acct_02489,2026-03-16,7
acct_02490,2026-04-18,7
acct_02491,2026-03-02,8
acct_02492,2026-01-30,6
acct_02493,2026-04-14,7
acct_02494,2026-04-10,7
acct_02495,2026-03-11,8
acct_02496,2026-03-15,7
acct_02497,2026-02-20,7
acct_02498,2026-03-28,8
acct_02499,,0
acct_02500,2026-01-23,8
acct_02501,,0
acct_02502,2026-04-18,7
acct_02503,2026-03-30,7
acct_02504,2026-02-23,8
acct_02505,2026-01-26,8
acct_02506,2026-04-22,6
acct_02507,2026-04-14,7
acct_02508,2026-03-13,8
acct_02509,2026-03-15,7
acct_02510,2026-03-04,7
acct_02511,2026-03-02,8
acct_02512,2026-02-11,7
acct_02513,2026-02-06,8
acct_02514,2026-02-16,8
acct_02515,2026-04-03,8
acct_02516,2026-02-09,8
acct_02517,,0
acct_02518,2026-03-12,5
acct_02519,2026-02-20,7
acct_02520,2026-02-28,2
acct_02521,2026-03-10,7
acct_02522,2026-02-26,8
acct_02523,2026-03-14,8
acct_02524,2026-04-11,7
acct_02525,2026-02-11,8
acct_02526,2026-04-08,8
acct_02527,2026-04-08,8
acct_02528,2026-03-30,8
acct_02529,2026-03-19,5
acct_02530,2026-03-22,6
acct_02531,2026-03-20,6
acct_02532,,0
acct_02533,,0
acct_02534,2026-04-23,5
acct_02535,2026-03-17,8
acct_02536,2026-04-06,5
acct_02537,2026-02-26,8
acct_02538,2026-02-03,2
acct_02539,2026-03-10,8
acct_02540,2026-03-10,8
acct_02541,,0
acct_02542,2026-02-24,8
acct_02543,2026-02-24,6
acct_02544,2026-03-10,7
acct_02545,2026-02-26,8
acct_02546,2026-04-28,6
acct_02547,2026-02-11,8
acct_02548,,0
acct_02549,2026-03-05,5
acct_02550,2026-03-10,7
acct_02551,2026-03-11,8
acct_02552,2026-03-21,7
acct_02553,2026-04-14,8
acct_02554,2026-02-22,8
acct_02555,2026-03-22,7
acct_02556,2026-01-25,7
acct_02557,2026-02-23,8
acct_02558,2026-04-01,1
acct_02559,2026-01-25,6
acct_02560,2026-03-13,8
acct_02561,2026-03-17,8
acct_02562,2026-03-25,7
acct_02563,2026-03-07,8
acct_02564,,0
acct_02565,2026-03-02,8
acct_02566,2026-01-25,7
acct_02567,2026-02-03,8
acct_02568,2026-03-18,8
acct_02569,2026-05-01,8
acct_02570,2026-01-19,7
acct_02571,,0
acct_02572,2026-04-20,0
acct_02573,2026-03-28,8
acct_02574,,0
acct_02575,2026-03-14,8
acct_02576,2026-03-18,8
acct_02577,2026-04-02,7
acct_02578,2026-02-07,8
acct_02579,2026-04-11,8
acct_02580,2026-01-28,7
acct_02581,2026-03-31,6
acct_02582,,0
acct_02583,2026-02-13,8
acct_02584,2026-01-12,6
acct_02585,,0
acct_02586,2026-03-07,6
acct_02587,,0
acct_02588,2026-03-04,7
acct_02589,2026-02-28,8
acct_02590,2026-03-25,8
acct_02591,2026-04-05,8
acct_02592,2026-03-20,6
acct_02593,2026-02-10,8
acct_02594,,0
acct_02595,2026-04-16,5
acct_02596,2026-02-06,7
acct_02597,,0
acct_02598,2026-04-12,8
acct_02599,2026-04-20,8
acct_02600,2026-03-06,7
acct_02601,,0
acct_02602,2026-03-18,6
acct_02603,2026-03-24,8
acct_02604,2026-01-21,8
acct_02605,,0
acct_02606,2026-03-16,4
acct_02607,,0
acct_02608,2026-03-18,8
acct_02609,2026-02-27,8
acct_02610,2026-04-11,6
acct_02611,2026-03-29,8
acct_02612,,0
acct_02613,2026-03-23,8
acct_02614,2026-02-25,5
acct_02615,2026-03-05,8
acct_02616,,0
acct_02617,2026-04-01,8
acct_02618,2026-04-09,5
acct_02619,2026-04-16,5
acct_02620,,0
acct_02621,,0
acct_02622,2026-02-27,3
acct_02623,2026-04-19,7
acct_02624,2026-03-10,8
acct_02625,2026-03-01,8
acct_02626,2026-03-13,7
acct_02627,2026-02-25,8
acct_02628,2026-02-26,7
acct_02629,,0
acct_02630,2026-02-02,7
acct_02631,,0
acct_02632,2026-04-06,8
acct_02633,2026-03-13,8
acct_02634,2026-03-09,7
acct_02635,2026-03-06,5
acct_02636,2026-03-07,8
acct_02637,,0
acct_02638,2026-03-28,8
acct_02639,2026-02-15,8
acct_02640,2026-03-20,8
acct_02641,2026-04-01,5
acct_02642,,0
acct_02643,2026-04-01,8
acct_02644,2026-02-23,6
acct_02645,,0
acct_02646,2026-03-21,8
acct_02647,2026-03-28,7
acct_02648,2026-03-17,7
acct_02649,2026-04-01,8
acct_02650,2026-05-01,7
acct_02651,2026-03-31,1
acct_02652,,0
acct_02653,2026-03-31,6
acct_02654,2026-03-07,6
acct_02655,2026-04-10,8
acct_02656,2026-03-08,5
acct_02657,,0
acct_02658,,0
acct_02659,,0
acct_02660,2026-04-10,4
acct_02661,2026-02-28,8
acct_02662,2026-02-28,7
acct_02663,,0
acct_02664,2026-03-05,8
acct_02665,2026-03-30,8
acct_02666,2026-04-21,4
acct_02667,2026-02-08,6
acct_02668,2026-03-12,7
acct_02669,,0
acct_02670,2026-03-15,6
acct_02671,2026-03-12,8
acct_02672,2026-02-28,8
acct_02673,2026-03-10,8
acct_02674,2026-03-26,5
acct_02675,,0
acct_02676,2026-03-09,7
acct_02677,2026-04-09,4
acct_02678,2026-03-22,8
acct_02679,2026-03-05,4
acct_02680,2026-04-01,6
acct_02681,2026-04-04,7
acct_02682,2026-02-15,7
acct_02683,2026-03-14,8
acct_02684,,0
acct_02685,2026-03-22,6
acct_02686,2026-02-19,8
acct_02687,2026-03-24,4
acct_02688,,0
acct_02689,2026-03-07,8
acct_02690,2026-04-21,6
acct_02691,2026-03-01,8
acct_02692,2026-04-03,8
acct_02693,2026-04-27,6
acct_02694,2026-04-04,8
acct_02695,2026-02-13,7
acct_02696,2026-04-04,6
acct_02697,2026-01-26,7
acct_02698,2026-03-01,7
acct_02699,2026-04-04,7
acct_02700,2026-04-02,1
acct_02701,,0
acct_02702,2026-03-02,7
acct_02703,2026-03-28,7
acct_02704,2026-03-22,8
acct_02705,2026-03-06,7
acct_02706,2026-04-09,8
acct_02707,2026-02-20,6
acct_02708,2026-02-18,3
acct_02709,2026-03-21,6
acct_02710,2026-04-21,8
acct_02711,2026-02-20,8
acct_02712,,0
acct_02713,2026-02-09,8
acct_02714,2026-04-01,7
acct_02715,2026-02-17,7
acct_02716,,0
acct_02717,2026-04-29,8
acct_02718,2026-01-18,6
acct_02719,2026-03-11,8
acct_02720,2026-03-10,8
acct_02721,2026-03-27,7
acct_02722,2026-02-25,8
acct_02723,,0
acct_02724,,0
acct_02725,2026-03-22,8
acct_02726,2026-03-26,8
acct_02727,2026-02-09,8
acct_02728,,0
acct_02729,2026-04-17,2
acct_02730,2026-01-09,8
acct_02731,2026-03-02,5
acct_02732,2026-03-17,5
acct_02733,2026-03-15,2
acct_02734,2026-03-01,4
acct_02735,,0
acct_02736,2026-02-24,4
acct_02737,2026-03-10,8
acct_02738,2026-03-18,8
acct_02739,2026-03-16,8
acct_02740,2026-02-03,8
acct_02741,2026-04-14,4
acct_02742,2026-02-13,8
acct_02743,2026-03-24,8
acct_02744,2026-03-15,4
acct_02745,2026-03-27,8
acct_02746,2026-02-20,6
acct_02747,2026-02-14,8
acct_02748,2026-03-07,7
acct_02749,2026-01-26,6
acct_02750,2026-02-22,8
acct_02751,2026-03-22,8
acct_02752,,0
acct_02753,2026-02-07,7
acct_02754,2026-04-06,8
acct_02755,2026-03-25,8
acct_02756,,0
acct_02757,2026-03-23,6
acct_02758,2026-03-21,6
acct_02759,2026-03-13,6
acct_02760,2026-03-20,7
acct_02761,2026-04-12,7
acct_02762,2026-02-05,8
acct_02763,2026-02-22,8
acct_02764,2026-02-04,7
acct_02765,2026-04-13,8
acct_02766,2026-03-04,8
acct_02767,2026-03-26,6
acct_02768,2026-03-31,8
acct_02769,2026-04-28,8
acct_02770,2026-02-16,5
acct_02771,2026-03-26,8
acct_02772,2026-04-09,6
acct_02773,2026-01-28,7
acct_02774,,0
acct_02775,2026-02-28,6
acct_02776,2026-03-17,8
acct_02777,2026-03-21,1
acct_02778,2026-02-25,6
acct_02779,2026-02-09,8
acct_02780,,0
acct_02781,2026-02-06,6
acct_02782,2026-03-27,5
acct_02783,2026-03-11,5
acct_02784,2026-02-21,7
acct_02785,,0
acct_02786,2026-03-18,8
acct_02787,2026-03-22,3
acct_02788,,0
acct_02789,2026-03-01,8
acct_02790,2026-03-28,8
acct_02791,,0
acct_02792,2026-03-28,8
acct_02793,2026-05-03,7
acct_02794,2026-04-05,8
acct_02795,2026-03-16,7
acct_02796,,0
acct_02797,2026-02-28,8
acct_02798,2026-03-19,8
acct_02799,2026-03-25,8
acct_02800,2026-05-03,8
acct_02801,2026-03-07,7
acct_02802,2026-01-28,8
acct_02803,2026-03-25,4
acct_02804,2026-02-15,7
acct_02805,2026-02-20,7
acct_02806,2026-03-12,5
acct_02807,2026-03-20,8
acct_02808,2026-02-18,6
acct_02809,2026-02-18,6
acct_02810,2026-01-27,7
acct_02811,2026-04-02,8
acct_02812,2026-03-19,8
acct_02813,,0
acct_02814,2026-01-19,8
acct_02815,2026-03-11,8
acct_02816,2026-02-22,8
acct_02817,2026-03-25,6
acct_02818,2026-03-04,8
acct_02819,,0
acct_02820,2026-02-23,8
acct_02821,2026-03-19,6
acct_02822,2026-02-02,3
acct_02823,2026-04-20,5
acct_02824,2026-04-23,8
acct_02825,2026-03-26,7
acct_02826,2026-03-04,7
acct_02827,2026-02-23,6
acct_02828,2026-03-30,7
acct_02829,2026-03-22,8
acct_02830,2026-02-18,7
acct_02831,2026-03-05,8
acct_02832,2026-03-10,6
acct_02833,2026-04-07,8
acct_02834,2026-03-18,8
acct_02835,,0
acct_02836,2026-03-18,7
acct_02837,2026-02-20,7
acct_02838,2026-02-27,7
acct_02839,,0
acct_02840,2026-04-01,7
acct_02841,2026-03-09,8
acct_02842,2026-03-04,8
acct_02843,2026-02-22,6
acct_02844,,0
acct_02845,2026-03-14,7
acct_02846,2026-02-16,8
acct_02847,,0
acct_02848,2026-03-30,8
acct_02849,2026-03-03,5
acct_02850,2026-02-27,8
acct_02851,2026-03-14,6
acct_02852,2026-03-29,8
acct_02853,2026-03-06,6
acct_02854,2026-03-31,5
acct_02855,2026-04-17,6
acct_02856,2026-03-15,8
acct_02857,2026-03-03,8
acct_02858,2026-03-24,8
acct_02859,2026-03-06,6
acct_02860,2026-03-01,8
acct_02861,2026-03-16,4
acct_02862,2026-02-25,8
acct_02863,2026-02-10,6
acct_02864,2026-03-02,8
acct_02865,,0
acct_02866,2026-03-01,7
acct_02867,2026-03-20,5
acct_02868,2026-04-12,7
acct_02869,,0
acct_02870,2026-03-25,3
acct_02871,2026-03-03,8
acct_02872,2026-01-21,7
acct_02873,2026-02-20,7
acct_02874,2026-02-06,8
acct_02875,2026-02-19,7
acct_02876,2026-02-23,7
acct_02877,2026-03-06,7
acct_02878,2026-03-11,5
acct_02879,,0
acct_02880,2026-02-13,6
acct_02881,2026-02-02,8
acct_02882,2026-03-18,5
acct_02883,2026-02-24,8
acct_02884,2026-03-09,7
acct_02885,2026-02-17,6
acct_02886,,0
acct_02887,2026-04-29,3
acct_02888,,0
acct_02889,2026-02-07,8
acct_02890,2026-02-16,6
acct_02891,2026-05-06,3
acct_02892,,0
acct_02893,2026-03-16,7
acct_02894,2026-04-29,6
acct_02895,2026-02-05,7
acct_02896,,0
acct_02897,2026-02-17,7
acct_02898,,0
acct_02899,2026-03-01,8
acct_02900,2026-03-01,6
acct_02901,2026-04-12,8
acct_02902,2026-02-09,8
acct_02903,2026-05-21,3
acct_02904,2026-03-08,5
acct_02905,2026-03-28,4
acct_02906,2026-04-18,8
acct_02907,2026-02-02,8
acct_02908,2026-04-11,8
acct_02909,2026-03-11,8
acct_02910,2026-03-27,4
acct_02911,2026-02-12,8
acct_02912,2026-03-20,3
acct_02913,2026-03-27,3
acct_02914,2026-03-04,8
acct_02915,2026-02-17,7
acct_02916,2026-02-22,7
acct_02917,2026-04-07,6
acct_02918,2026-01-21,8
acct_02919,2026-04-01,2
acct_02920,2026-05-10,8
acct_02921,2026-01-24,3
acct_02922,2026-02-10,8
acct_02923,2026-03-26,5
acct_02924,,0
acct_02925,2026-03-22,7
acct_02926,2026-03-20,7
acct_02927,2026-03-15,8
acct_02928,,0
acct_02929,2026-03-19,8
acct_02930,2026-04-04,4
acct_02931,2026-02-15,8
acct_02932,2026-03-16,6
acct_02933,2026-04-04,6
acct_02934,2026-03-22,5
acct_02935,2026-03-05,7
acct_02936,2026-03-13,2
acct_02937,2026-02-12,4
acct_02938,2026-02-17,8
acct_02939,2026-01-13,8
acct_02940,2026-05-04,5
acct_02941,2026-02-17,8
acct_02942,2026-03-27,8
acct_02943,2026-02-24,4
acct_02944,2026-02-26,5
acct_02945,2026-03-04,8
acct_02946,2026-02-26,8
acct_02947,,0
acct_02948,2026-04-17,7
acct_02949,2026-04-02,8
acct_02950,,0
acct_02951,2026-03-28,8
acct_02952,2026-02-09,8
acct_02953,2026-04-10,7
acct_02954,2026-03-13,8
acct_02955,2026-03-03,4
acct_02956,2026-02-10,8
acct_02957,,0
acct_02958,2026-02-19,8
acct_02959,2026-04-09,8
acct_02960,,0
acct_02961,2026-04-24,7
acct_02962,2026-02-04,8
acct_02963,,0
acct_02964,2026-02-19,8
acct_02965,2026-03-09,8
acct_02966,2026-03-04,5
acct_02967,2026-03-09,5
acct_02968,2026-03-12,7
acct_02969,2026-02-16,6
acct_02970,2026-03-06,7
acct_02971,2026-03-18,8
acct_02972,2026-02-09,8
acct_02973,2026-04-11,8
acct_02974,2026-03-10,7
acct_02975,2026-03-30,7
acct_02976,2026-03-17,7
acct_02977,,0
acct_02978,2026-03-19,8
acct_02979,2026-04-04,6
acct_02980,2026-03-13,7
acct_02981,2026-02-21,8
acct_02982,2026-02-03,8
acct_02983,2026-03-31,3
acct_02984,2026-01-29,8
acct_02985,2026-02-22,5
acct_02986,2026-01-28,8
acct_02987,2026-03-10,7
acct_02988,2026-02-20,4
acct_02989,2026-03-14,7
acct_02990,,0
acct_02991,2026-03-29,7
acct_02992,2026-02-27,8
acct_02993,,0
acct_02994,2026-03-29,3
acct_02995,2026-03-06,8
acct_02996,2026-03-17,8
acct_02997,2026-03-04,2
acct_02998,2026-05-11,3
acct_02999,2026-02-03,8
