week_start_date,channel,spend_usd
2026-01-05,self_serve,477.11
2026-01-12,self_serve,508.86
2026-01-19,self_serve,586.76
2026-01-26,self_serve,662.2
2026-02-02,self_serve,652.58
2026-02-09,self_serve,713.12
2026-02-16,self_serve,766.58
2026-02-23,self_serve,814.49
2026-03-02,self_serve,775.41
2026-03-09,self_serve,883.44
2026-03-16,self_serve,899.11
2026-03-23,self_serve,909.93
2026-03-30,self_serve,946.12
2026-04-06,self_serve,1008.64
2026-04-13,self_serve,1010.32
2026-04-20,self_serve,1027.05
2026-04-27,self_serve,1143.19
2026-05-04,self_serve,1218.73
2026-01-05,sales_assisted,1180.71
2026-01-12,sales_assisted,1279.2
2026-01-19,sales_assisted,1208.0
2026-01-26,sales_assisted,1180.37
2026-02-02,sales_assisted,1158.22
2026-02-09,sales_assisted,1234.38
2026-02-16,sales_assisted,1436.26
2026-02-23,sales_assisted,1321.73
2026-03-02,sales_assisted,1214.69
2026-03-09,sales_assisted,1379.9
2026-03-16,sales_assisted,1369.05
2026-03-23,sales_assisted,1382.02
2026-03-30,sales_assisted,1388.75
2026-04-06,sales_assisted,1392.38
2026-04-13,sales_assisted,1450.33
2026-04-20,sales_assisted,1354.82
2026-04-27,sales_assisted,1428.3
2026-05-04,sales_assisted,1513.65
