pitch_id,state,pitch_date,won
pitch_00000,CA,2026-03-23,True
pitch_00001,CA,2026-03-23,False
pitch_00002,CA,2026-03-23,False
pitch_00003,CA,2026-03-23,False
pitch_00004,CA,2026-03-23,False
pitch_00005,CA,2026-03-23,False
pitch_00006,CA,2026-03-23,False
pitch_00007,CA,2026-03-02,True
pitch_00008,CA,2026-03-02,False
pitch_00009,CA,2026-03-02,False
pitch_00010,CA,2026-03-02,False
pitch_00011,CA,2026-03-02,False
pitch_00012,FL,2026-03-31,True
pitch_00013,FL,2026-03-31,False
pitch_00014,FL,2026-03-31,False
pitch_00015,FL,2026-03-31,False
pitch_00016,CA,2026-03-17,True
pitch_00017,OH,2026-02-02,True
pitch_00018,OH,2026-02-02,False
pitch_00019,OH,2026-02-02,False
pitch_00020,OH,2026-02-02,False
pitch_00021,CA,2026-02-26,True
pitch_00022,CA,2026-02-26,False
pitch_00023,CA,2026-02-26,False
pitch_00024,CA,2026-04-09,True
pitch_00025,CA,2026-03-14,True
pitch_00026,CA,2026-03-14,False
pitch_00027,CA,2026-03-27,True
pitch_00028,FL,2026-03-02,True
pitch_00029,TX,2026-03-09,True
pitch_00030,CA,2026-01-28,True
pitch_00031,CA,2026-01-28,False
pitch_00032,CA,2026-01-28,False
pitch_00033,CA,2026-01-28,False
pitch_00034,CA,2026-01-28,False
pitch_00035,CA,2026-01-28,False
pitch_00036,CA,2026-01-28,False
pitch_00037,CA,2026-01-28,False
pitch_00038,CA,2026-03-28,True
pitch_00039,TX,2026-02-25,True
pitch_00040,NJ,2026-01-24,True
pitch_00041,NJ,2026-01-24,False
pitch_00042,FL,2026-02-10,True
pitch_00043,FL,2026-02-10,False
pitch_00044,TX,2026-03-17,True
pitch_00045,TX,2026-03-17,False
pitch_00046,NY,2026-02-13,True
pitch_00047,NY,2026-02-13,False
pitch_00048,CA,2026-02-07,True
pitch_00049,FL,2026-03-26,True
pitch_00050,FL,2026-03-26,False
pitch_00051,FL,2026-03-26,False
pitch_00052,CA,2026-01-11,True
pitch_00053,CA,2026-01-11,False
pitch_00054,CA,2026-01-11,False
pitch_00055,CA,2026-01-11,False
pitch_00056,CA,2026-01-11,False
pitch_00057,CA,2026-01-11,False
pitch_00058,CA,2026-03-24,True
pitch_00059,CA,2026-03-24,False
pitch_00060,CA,2026-02-08,True
pitch_00061,CA,2026-02-08,False
pitch_00062,CA,2026-02-08,False
pitch_00063,CA,2026-03-22,True
pitch_00064,CA,2026-03-22,False
pitch_00065,CA,2026-03-22,False
pitch_00066,CA,2026-03-22,False
pitch_00067,OH,2026-02-22,True
pitch_00068,OH,2026-02-22,False
pitch_00069,OH,2026-02-22,False
pitch_00070,OH,2026-02-22,False
pitch_00071,CA,2026-03-30,True
pitch_00072,CA,2026-03-09,True
pitch_00073,CA,2026-03-09,False
pitch_00074,CA,2026-03-09,False
pitch_00075,CA,2026-03-09,False
pitch_00076,CA,2026-03-09,False
pitch_00077,GA,2026-03-26,True
pitch_00078,CA,2026-03-03,True
pitch_00079,NC,2026-03-13,True
pitch_00080,NC,2026-03-13,False
pitch_00081,NC,2026-03-13,False
pitch_00082,NY,2026-02-25,True
pitch_00083,FL,2026-02-05,True
pitch_00084,FL,2026-02-05,False
pitch_00085,CA,2026-04-17,True
pitch_00086,CA,2026-04-17,False
pitch_00087,FL,2026-03-03,True
pitch_00088,FL,2026-03-03,False
pitch_00089,TX,2026-02-03,True
pitch_00090,TX,2026-02-03,False
pitch_00091,TX,2026-02-03,False
pitch_00092,TX,2026-02-03,False
pitch_00093,TX,2026-02-03,False
pitch_00094,TX,2026-02-03,False
pitch_00095,CA,2026-02-14,True
pitch_00096,CA,2026-02-14,False
pitch_00097,CA,2026-02-14,False
pitch_00098,CA,2026-03-05,True
pitch_00099,CA,2026-03-05,False
pitch_00100,PA,2026-03-11,True
pitch_00101,PA,2026-03-11,False
pitch_00102,FL,2026-01-31,True
pitch_00103,IL,2026-03-05,True
pitch_00104,IL,2026-03-05,False
pitch_00105,IL,2026-03-05,False
pitch_00106,CA,2026-04-11,True
pitch_00107,CA,2026-04-11,False
pitch_00108,CA,2026-03-10,True
pitch_00109,TX,2026-03-04,True
pitch_00110,TX,2026-03-04,False
pitch_00111,CA,2026-02-08,True
pitch_00112,CA,2026-02-08,False
pitch_00113,TX,2026-03-15,True
pitch_00114,TX,2026-03-15,False
pitch_00115,NJ,2026-01-22,True
pitch_00116,NJ,2026-01-22,False
pitch_00117,NJ,2026-01-22,False
pitch_00118,NJ,2026-01-22,False
pitch_00119,NJ,2026-01-22,False
pitch_00120,NJ,2026-01-22,False
pitch_00121,CA,2026-02-22,True
pitch_00122,CA,2026-02-22,False
pitch_00123,CA,2026-02-22,False
pitch_00124,CA,2026-02-22,False
pitch_00125,CA,2026-02-22,False
pitch_00126,OH,2026-04-14,True
pitch_00127,CA,2026-01-24,True
pitch_00128,CA,2026-01-24,False
pitch_00129,CA,2026-01-24,False
pitch_00130,CA,2026-01-24,False
pitch_00131,CA,2026-04-04,True
pitch_00132,CA,2026-04-04,False
pitch_00133,CA,2026-04-04,False
pitch_00134,CA,2026-04-04,False
pitch_00135,CA,2026-04-04,False
pitch_00136,CA,2026-04-04,False
pitch_00137,CA,2026-04-04,False
pitch_00138,CA,2026-04-04,False
pitch_00139,CA,2026-04-04,False
pitch_00140,FL,2026-03-21,True
pitch_00141,FL,2026-03-21,False
pitch_00142,FL,2026-03-21,False
pitch_00143,CA,2026-02-22,True
pitch_00144,CA,2026-02-22,False
pitch_00145,CA,2026-02-22,False
pitch_00146,CA,2026-02-22,False
pitch_00147,CA,2026-02-22,False
pitch_00148,CA,2026-02-22,False
pitch_00149,TX,2026-02-19,True
pitch_00150,GA,2026-02-06,True
pitch_00151,GA,2026-02-06,False
pitch_00152,GA,2026-02-06,False
pitch_00153,GA,2026-02-06,False
pitch_00154,GA,2026-02-06,False
pitch_00155,GA,2026-02-06,False
pitch_00156,GA,2026-02-06,False
pitch_00157,CA,2026-03-06,True
pitch_00158,CA,2026-03-06,False
pitch_00159,CA,2026-03-06,False
pitch_00160,FL,2026-01-14,True
pitch_00161,CA,2026-04-15,True
pitch_00162,TX,2026-04-09,True
pitch_00163,CA,2026-03-01,True
pitch_00164,CA,2026-03-01,False
pitch_00165,CA,2026-03-01,False
pitch_00166,CA,2026-03-04,True
pitch_00167,CA,2026-03-04,False
pitch_00168,CA,2026-02-04,True
pitch_00169,CA,2026-02-04,False
pitch_00170,NY,2026-03-28,True
pitch_00171,NY,2026-03-28,False
pitch_00172,NY,2026-03-28,False
pitch_00173,NY,2026-03-28,False
pitch_00174,NY,2026-03-28,False
pitch_00175,MI,2026-03-07,True
pitch_00176,MI,2026-03-07,False
pitch_00177,MI,2026-03-07,False
pitch_00178,CA,2026-02-28,True
pitch_00179,CA,2026-02-28,False
pitch_00180,CA,2026-02-28,False
pitch_00181,CA,2026-02-28,False
pitch_00182,CA,2026-02-28,False
pitch_00183,CA,2026-02-28,False
pitch_00184,CA,2026-02-28,False
pitch_00185,CA,2026-02-28,False
pitch_00186,CA,2026-02-28,False
pitch_00187,CA,2026-02-28,False
pitch_00188,CA,2026-02-28,False
pitch_00189,CA,2026-02-28,False
pitch_00190,CA,2026-02-28,False
pitch_00191,CA,2026-02-28,False
pitch_00192,NY,2026-02-26,True
pitch_00193,CA,2026-02-18,True
pitch_00194,CA,2026-02-18,False
pitch_00195,CA,2026-03-27,True
pitch_00196,CA,2026-03-27,False
pitch_00197,CA,2026-03-27,False
pitch_00198,CA,2026-01-29,True
pitch_00199,CA,2026-01-29,False
pitch_00200,NY,2026-02-09,True
pitch_00201,NY,2026-02-09,False
pitch_00202,NY,2026-02-05,True
pitch_00203,CA,2026-02-12,True
pitch_00204,CA,2026-02-12,False
pitch_00205,CA,2026-02-12,False
pitch_00206,CA,2026-02-12,False
pitch_00207,CA,2026-02-12,False
pitch_00208,CA,2026-02-12,False
pitch_00209,FL,2026-03-11,True
pitch_00210,FL,2026-03-11,False
pitch_00211,CA,2026-03-06,True
pitch_00212,CA,2026-03-06,False
pitch_00213,CA,2026-03-06,False
pitch_00214,CA,2026-03-06,False
pitch_00215,CA,2026-03-06,False
pitch_00216,CA,2026-03-06,False
pitch_00217,CA,2026-03-06,False
pitch_00218,CA,2026-03-06,False
pitch_00219,CA,2026-03-06,False
pitch_00220,CA,2026-03-06,False
pitch_00221,CA,2026-03-06,False
pitch_00222,CA,2026-01-24,True
pitch_00223,CA,2026-01-24,False
pitch_00224,CA,2026-01-24,False
pitch_00225,CA,2026-01-24,False
pitch_00226,CA,2026-01-24,False
pitch_00227,CA,2026-02-17,True
pitch_00228,CA,2026-02-17,False
pitch_00229,CA,2026-02-18,True
pitch_00230,CA,2026-02-18,False
pitch_00231,CA,2026-02-18,False
pitch_00232,CA,2026-02-18,False
pitch_00233,CA,2026-02-18,False
pitch_00234,CA,2026-02-18,False
pitch_00235,FL,2026-03-10,True
pitch_00236,FL,2026-03-10,False
pitch_00237,FL,2026-03-10,False
pitch_00238,TX,2026-03-01,True
pitch_00239,CA,2026-01-25,True
pitch_00240,CA,2026-01-25,False
pitch_00241,CA,2026-01-25,False
pitch_00242,MI,2026-03-07,True
pitch_00243,NY,2026-02-03,True
pitch_00244,CA,2026-04-09,True
pitch_00245,CA,2026-04-09,False
pitch_00246,FL,2026-03-25,True
pitch_00247,FL,2026-03-25,False
pitch_00248,FL,2026-03-25,False
pitch_00249,CA,2026-03-23,True
pitch_00250,CA,2026-03-23,False
pitch_00251,CA,2026-03-08,True
pitch_00252,NC,2026-03-31,True
pitch_00253,NC,2026-03-31,False
pitch_00254,NC,2026-03-31,False
pitch_00255,NC,2026-03-31,False
pitch_00256,NC,2026-03-31,False
pitch_00257,NC,2026-03-31,False
pitch_00258,NC,2026-03-31,False
pitch_00259,TX,2026-03-03,True
pitch_00260,CA,2026-03-04,True
pitch_00261,CA,2026-03-04,False
pitch_00262,CA,2026-03-04,False
pitch_00263,CA,2026-03-04,False
pitch_00264,FL,2026-02-23,True
pitch_00265,CA,2026-04-14,True
pitch_00266,CA,2026-04-14,False
pitch_00267,CA,2026-04-14,False
pitch_00268,CA,2026-04-14,False
pitch_00269,CA,2026-03-30,True
pitch_00270,CA,2026-03-07,True
pitch_00271,CA,2026-03-07,False
pitch_00272,TX,2026-03-17,True
pitch_00273,CA,2026-03-31,True
pitch_00274,PA,2026-02-07,True
pitch_00275,CA,2026-03-12,True
pitch_00276,CA,2026-03-12,False
pitch_00277,NY,2026-04-11,True
pitch_00278,TX,2026-02-08,True
pitch_00279,TX,2026-02-08,False
pitch_00280,CA,2026-03-11,True
pitch_00281,CA,2026-03-11,False
pitch_00282,CA,2026-03-11,False
pitch_00283,CA,2026-03-11,False
pitch_00284,CA,2026-03-24,True
pitch_00285,CA,2026-03-24,False
pitch_00286,CA,2026-03-24,False
pitch_00287,CA,2026-03-25,True
pitch_00288,CA,2026-03-12,True
pitch_00289,CA,2026-03-12,False
pitch_00290,CA,2026-03-12,False
pitch_00291,CA,2026-03-12,False
pitch_00292,CA,2026-03-12,False
pitch_00293,CA,2026-03-12,False
pitch_00294,CA,2026-03-25,True
pitch_00295,CA,2026-03-25,False
pitch_00296,CA,2026-02-05,True
pitch_00297,CA,2026-02-05,False
pitch_00298,CA,2026-02-05,False
pitch_00299,OH,2026-02-01,True
pitch_00300,OH,2026-02-01,False
pitch_00301,IL,2026-03-01,True
pitch_00302,IL,2026-03-01,False
pitch_00303,CA,2026-03-23,True
pitch_00304,CA,2026-03-23,False
pitch_00305,CA,2026-03-23,False
pitch_00306,CA,2026-03-23,False
pitch_00307,GA,2026-03-22,True
pitch_00308,GA,2026-03-22,False
pitch_00309,CA,2026-02-22,True
pitch_00310,CA,2026-02-22,False
pitch_00311,OH,2026-02-10,True
pitch_00312,TX,2026-04-11,True
pitch_00313,TX,2026-04-11,False
pitch_00314,FL,2026-02-27,True
pitch_00315,FL,2026-02-27,False
pitch_00316,CA,2026-04-11,True
pitch_00317,CA,2026-04-11,False
pitch_00318,CA,2026-04-11,False
pitch_00319,CA,2026-04-11,False
pitch_00320,CA,2026-04-11,False
pitch_00321,CA,2026-04-11,False
pitch_00322,CA,2026-04-11,False
pitch_00323,CA,2026-04-11,False
pitch_00324,CA,2026-04-11,False
pitch_00325,CA,2026-04-11,False
pitch_00326,CA,2026-04-11,False
pitch_00327,CA,2026-04-11,False
pitch_00328,CA,2026-04-11,False
pitch_00329,GA,2026-02-05,True
pitch_00330,CA,2026-03-30,True
pitch_00331,FL,2026-03-11,True
pitch_00332,FL,2026-03-11,False
pitch_00333,FL,2026-03-11,False
pitch_00334,NY,2026-03-03,True
pitch_00335,TX,2026-03-02,True
pitch_00336,TX,2026-03-02,False
pitch_00337,TX,2026-03-02,False
pitch_00338,CA,2026-05-01,True
pitch_00339,CA,2026-05-01,False
pitch_00340,CA,2026-05-01,False
pitch_00341,CA,2026-05-01,False
pitch_00342,CA,2026-05-01,False
pitch_00343,CA,2026-05-01,False
pitch_00344,CA,2026-05-01,False
pitch_00345,CA,2026-02-20,True
pitch_00346,CA,2026-02-20,False
pitch_00347,CA,2026-02-20,False
pitch_00348,CA,2026-03-14,True
pitch_00349,CA,2026-03-14,False
pitch_00350,CA,2026-03-14,False
pitch_00351,CA,2026-03-14,False
pitch_00352,CA,2026-03-14,False
pitch_00353,CA,2026-03-14,False
pitch_00354,CA,2026-03-14,False
pitch_00355,CA,2026-03-14,False
pitch_00356,CA,2026-03-14,False
pitch_00357,CA,2026-03-14,False
pitch_00358,CA,2026-03-14,False
pitch_00359,CA,2026-03-14,False
pitch_00360,CA,2026-03-14,False
pitch_00361,CA,2026-03-14,False
pitch_00362,CA,2026-03-14,False
pitch_00363,CA,2026-03-14,False
pitch_00364,CA,2026-03-14,False
pitch_00365,CA,2026-03-14,False
pitch_00366,CA,2026-02-08,True
pitch_00367,CA,2026-02-17,True
pitch_00368,CA,2026-03-23,True
pitch_00369,CA,2026-01-23,True
pitch_00370,CA,2026-01-23,False
pitch_00371,CA,2026-02-14,True
pitch_00372,CA,2026-02-06,True
pitch_00373,CA,2026-02-06,False
pitch_00374,CA,2026-02-06,False
pitch_00375,CA,2026-02-06,False
pitch_00376,PA,2026-03-20,True
pitch_00377,NY,2026-01-26,True
pitch_00378,OH,2026-01-23,True
pitch_00379,NY,2026-03-18,True
pitch_00380,NY,2026-02-02,True
pitch_00381,NY,2026-02-02,False
pitch_00382,NY,2026-02-02,False
pitch_00383,NY,2026-02-02,False
pitch_00384,NY,2026-02-02,False
pitch_00385,NY,2026-02-02,False
pitch_00386,CA,2026-02-12,True
pitch_00387,CA,2026-02-12,False
pitch_00388,CA,2026-02-12,False
pitch_00389,CA,2026-02-12,False
pitch_00390,NY,2026-03-24,True
pitch_00391,CA,2026-03-10,True
pitch_00392,CA,2026-02-09,True
pitch_00393,CA,2026-02-09,False
pitch_00394,CA,2026-02-09,False
pitch_00395,CA,2026-02-09,False
pitch_00396,CA,2026-02-09,False
pitch_00397,CA,2026-02-09,False
pitch_00398,MI,2026-04-13,True
pitch_00399,TX,2026-03-18,True
pitch_00400,TX,2026-03-18,False
pitch_00401,TX,2026-03-18,False
pitch_00402,TX,2026-03-18,False
pitch_00403,TX,2026-03-18,False
pitch_00404,TX,2026-03-18,False
pitch_00405,PA,2026-03-06,True
pitch_00406,PA,2026-03-06,False
pitch_00407,PA,2026-03-06,False
pitch_00408,CA,2026-02-07,True
pitch_00409,CA,2026-02-07,False
pitch_00410,PA,2026-02-22,True
pitch_00411,TX,2026-03-01,True
pitch_00412,TX,2026-03-01,False
pitch_00413,TX,2026-03-01,False
pitch_00414,FL,2026-03-12,True
pitch_00415,FL,2026-03-13,True
pitch_00416,FL,2026-03-13,False
pitch_00417,FL,2026-03-13,False
pitch_00418,TX,2026-03-11,True
pitch_00419,TX,2026-03-11,False
pitch_00420,TX,2026-03-11,False
pitch_00421,IL,2026-03-01,True
pitch_00422,IL,2026-03-01,False
pitch_00423,IL,2026-03-01,False
pitch_00424,CA,2026-02-16,True
pitch_00425,CA,2026-02-22,True
pitch_00426,CA,2026-02-22,False
pitch_00427,CA,2026-02-22,False
pitch_00428,FL,2026-03-02,True
pitch_00429,FL,2026-03-13,True
pitch_00430,TX,2026-03-06,True
pitch_00431,TX,2026-03-06,False
pitch_00432,NC,2026-03-06,True
pitch_00433,NC,2026-03-06,False
pitch_00434,NC,2026-03-06,False
pitch_00435,NC,2026-03-06,False
pitch_00436,NC,2026-03-06,False
pitch_00437,NC,2026-03-06,False
pitch_00438,MI,2026-02-22,True
pitch_00439,MI,2026-02-22,False
pitch_00440,MI,2026-02-22,False
pitch_00441,TX,2026-02-05,True
pitch_00442,TX,2026-02-05,False
pitch_00443,TX,2026-02-05,False
pitch_00444,TX,2026-02-05,False
pitch_00445,TX,2026-02-05,False
pitch_00446,TX,2026-02-20,True
pitch_00447,CA,2026-01-14,True
pitch_00448,CA,2026-02-06,True
pitch_00449,CA,2026-02-06,False
pitch_00450,CA,2026-02-26,True
pitch_00451,CA,2026-02-26,False
pitch_00452,CA,2026-02-26,False
pitch_00453,CA,2026-02-26,False
pitch_00454,CA,2026-02-26,False
pitch_00455,CA,2026-02-27,True
pitch_00456,OH,2026-03-14,True
pitch_00457,OH,2026-02-15,True
pitch_00458,CA,2026-02-11,True
pitch_00459,CA,2026-02-11,False
pitch_00460,CA,2026-02-11,False
pitch_00461,CA,2026-03-09,True
pitch_00462,CA,2026-03-09,False
pitch_00463,IL,2026-04-27,True
pitch_00464,IL,2026-04-27,False
pitch_00465,CA,2026-03-03,True
pitch_00466,CA,2026-03-03,False
pitch_00467,TX,2026-03-02,True
pitch_00468,TX,2026-03-02,False
pitch_00469,TX,2026-02-09,True
pitch_00470,CA,2026-02-21,True
pitch_00471,CA,2026-02-21,False
pitch_00472,CA,2026-02-21,False
pitch_00473,CA,2026-02-21,False
pitch_00474,CA,2026-02-21,False
pitch_00475,CA,2026-02-21,False
pitch_00476,CA,2026-03-29,True
pitch_00477,CA,2026-02-24,True
pitch_00478,CA,2026-02-24,False
pitch_00479,FL,2026-03-29,True
pitch_00480,CA,2026-03-04,True
pitch_00481,CA,2026-03-04,False
pitch_00482,CA,2026-03-04,False
pitch_00483,CA,2026-03-04,False
pitch_00484,CA,2026-03-04,False
pitch_00485,CA,2026-03-04,False
pitch_00486,NY,2026-03-23,True
pitch_00487,NY,2026-03-23,False
pitch_00488,CA,2026-03-06,True
pitch_00489,CA,2026-03-06,False
pitch_00490,CA,2026-03-06,False
pitch_00491,CA,2026-03-06,False
pitch_00492,CA,2026-03-05,True
pitch_00493,CA,2026-03-05,False
pitch_00494,CA,2026-03-05,False
pitch_00495,CA,2026-03-05,False
pitch_00496,CA,2026-03-05,False
pitch_00497,NY,2026-03-07,True
pitch_00498,NY,2026-03-07,False
pitch_00499,CA,2026-02-12,True
pitch_00500,CA,2026-02-12,False
pitch_00501,CA,2026-02-24,True
pitch_00502,CA,2026-02-24,False
pitch_00503,NC,2026-03-13,True
pitch_00504,NC,2026-03-13,False
pitch_00505,NC,2026-03-13,False
pitch_00506,NC,2026-03-13,False
pitch_00507,NC,2026-03-13,False
pitch_00508,NC,2026-03-13,False
pitch_00509,CA,2026-03-13,True
pitch_00510,CA,2026-03-13,False
pitch_00511,CA,2026-03-13,False
pitch_00512,CA,2026-03-13,False
pitch_00513,CA,2026-03-13,False
pitch_00514,CA,2026-03-13,False
pitch_00515,FL,2026-03-19,True
pitch_00516,FL,2026-03-19,False
pitch_00517,FL,2026-03-19,False
pitch_00518,FL,2026-03-19,False
pitch_00519,TX,2026-02-05,True
pitch_00520,TX,2026-02-05,False
pitch_00521,CA,2026-03-09,True
pitch_00522,CA,2026-03-09,False
pitch_00523,CA,2026-03-09,False
pitch_00524,CA,2026-03-09,False
pitch_00525,CA,2026-03-09,False
pitch_00526,CA,2026-03-09,False
pitch_00527,CA,2026-03-09,False
pitch_00528,TX,2026-04-24,True
pitch_00529,TX,2026-02-06,True
pitch_00530,TX,2026-02-28,True
pitch_00531,TX,2026-02-01,True
pitch_00532,CA,2026-04-09,True
pitch_00533,NY,2026-03-27,True
pitch_00534,CA,2026-01-25,True
pitch_00535,CA,2026-01-25,False
pitch_00536,CA,2026-03-25,True
pitch_00537,CA,2026-03-25,False
pitch_00538,CA,2026-03-13,True
pitch_00539,CA,2026-02-28,True
pitch_00540,OH,2026-04-04,True
pitch_00541,OH,2026-03-30,True
pitch_00542,OH,2026-03-30,False
pitch_00543,FL,2026-03-30,True
pitch_00544,CA,2026-03-11,True
pitch_00545,CA,2026-03-11,False
pitch_00546,CA,2026-02-27,True
pitch_00547,TX,2026-02-13,True
pitch_00548,TX,2026-02-08,True
pitch_00549,CA,2026-03-11,True
pitch_00550,CA,2026-04-07,True
pitch_00551,CA,2026-04-07,False
pitch_00552,CA,2026-04-07,False
pitch_00553,CA,2026-04-07,False
pitch_00554,CA,2026-04-07,False
pitch_00555,CA,2026-02-26,True
pitch_00556,CA,2026-02-26,False
pitch_00557,CA,2026-02-26,False
pitch_00558,NC,2026-01-29,True
pitch_00559,CA,2026-02-24,True
pitch_00560,CA,2026-02-24,False
pitch_00561,CA,2026-02-24,False
pitch_00562,CA,2026-02-24,False
pitch_00563,CA,2026-02-24,False
pitch_00564,CA,2026-02-24,False
pitch_00565,CA,2026-02-24,False
pitch_00566,CA,2026-02-24,False
pitch_00567,CA,2026-02-24,False
pitch_00568,CA,2026-02-24,False
pitch_00569,CA,2026-02-24,False
pitch_00570,CA,2026-02-24,False
pitch_00571,TX,2026-03-01,True
pitch_00572,TX,2026-03-01,False
pitch_00573,TX,2026-03-01,False
pitch_00574,TX,2026-03-01,False
pitch_00575,CA,2026-04-05,True
pitch_00576,TX,2026-03-07,True
pitch_00577,NY,2026-02-20,True
pitch_00578,NY,2026-02-20,False
pitch_00579,NY,2026-02-20,False
pitch_00580,NY,2026-02-20,False
pitch_00581,NY,2026-02-20,False
pitch_00582,NY,2026-02-20,False
pitch_00583,NY,2026-02-20,False
pitch_00584,PA,2026-03-02,True
pitch_00585,FL,2026-03-04,True
pitch_00586,NY,2026-04-29,True
pitch_00587,NY,2026-04-29,False
pitch_00588,FL,2026-03-02,True
pitch_00589,NC,2026-04-16,True
pitch_00590,NC,2026-04-16,False
pitch_00591,NC,2026-04-16,False
pitch_00592,NC,2026-04-16,False
pitch_00593,NC,2026-04-16,False
pitch_00594,TX,2026-01-23,True
pitch_00595,TX,2026-02-18,True
pitch_00596,TX,2026-02-18,False
pitch_00597,TX,2026-02-18,False
pitch_00598,MI,2026-03-03,True
pitch_00599,NY,2026-01-25,True
pitch_00600,NY,2026-01-25,False
pitch_00601,NY,2026-01-25,False
pitch_00602,CA,2026-03-05,True
pitch_00603,FL,2026-02-24,True
pitch_00604,FL,2026-02-24,False
pitch_00605,FL,2026-02-24,False
pitch_00606,CA,2026-03-29,True
pitch_00607,CA,2026-03-29,False
pitch_00608,CA,2026-03-29,False
pitch_00609,CA,2026-02-19,True
pitch_00610,CA,2026-02-19,False
pitch_00611,CA,2026-02-19,False
pitch_00612,CA,2026-02-19,False
pitch_00613,CA,2026-02-16,True
pitch_00614,TX,2026-03-03,True
pitch_00615,FL,2026-02-09,True
pitch_00616,FL,2026-02-09,False
pitch_00617,NY,2026-02-13,True
pitch_00618,NY,2026-02-13,False
pitch_00619,NY,2026-02-13,False
pitch_00620,NC,2026-03-11,True
pitch_00621,CA,2026-02-18,True
pitch_00622,CA,2026-04-08,True
pitch_00623,CA,2026-04-08,False
pitch_00624,CA,2026-04-08,False
pitch_00625,FL,2026-03-03,True
pitch_00626,FL,2026-03-03,False
pitch_00627,CA,2026-02-25,True
pitch_00628,CA,2026-02-25,False
pitch_00629,CA,2026-02-25,False
pitch_00630,CA,2026-02-25,False
pitch_00631,FL,2026-03-11,True
pitch_00632,FL,2026-03-11,False
pitch_00633,FL,2026-03-11,False
pitch_00634,FL,2026-03-11,False
pitch_00635,FL,2026-03-11,False
pitch_00636,FL,2026-03-11,False
pitch_00637,FL,2026-03-11,False
pitch_00638,FL,2026-03-11,False
pitch_00639,FL,2026-03-11,False
pitch_00640,FL,2026-03-11,False
pitch_00641,FL,2026-03-11,False
pitch_00642,CA,2026-02-11,True
pitch_00643,CA,2026-02-11,False
pitch_00644,CA,2026-03-19,True
pitch_00645,CA,2026-03-19,False
pitch_00646,TX,2026-03-20,True
pitch_00647,NY,2026-04-04,True
pitch_00648,NY,2026-04-04,False
pitch_00649,NY,2026-04-04,False
pitch_00650,NY,2026-04-04,False
pitch_00651,NY,2026-04-04,False
pitch_00652,PA,2026-04-28,True
pitch_00653,TX,2026-02-06,True
pitch_00654,CA,2026-01-25,True
pitch_00655,CA,2026-01-25,False
pitch_00656,CA,2026-01-25,False
pitch_00657,CA,2026-01-25,False
pitch_00658,TX,2026-02-21,True
pitch_00659,CA,2026-03-11,True
pitch_00660,CA,2026-03-11,False
pitch_00661,CA,2026-03-11,False
pitch_00662,CA,2026-03-11,False
pitch_00663,NY,2026-03-09,True
pitch_00664,NY,2026-03-09,False
pitch_00665,NY,2026-03-09,False
pitch_00666,CA,2026-02-27,True
pitch_00667,CA,2026-02-27,False
pitch_00668,FL,2026-03-16,True
pitch_00669,FL,2026-03-19,True
pitch_00670,FL,2026-03-19,False
pitch_00671,FL,2026-03-09,True
pitch_00672,FL,2026-03-09,False
pitch_00673,CA,2026-03-07,True
pitch_00674,CA,2026-03-07,False
pitch_00675,CA,2026-03-07,False
pitch_00676,CA,2026-03-07,False
pitch_00677,CA,2026-02-28,True
pitch_00678,CA,2026-04-04,True
pitch_00679,CA,2026-02-15,True
pitch_00680,CA,2026-02-15,False
pitch_00681,CA,2026-02-15,False
pitch_00682,CA,2026-02-15,False
pitch_00683,CA,2026-02-15,False
pitch_00684,CA,2026-02-15,False
pitch_00685,CA,2026-02-27,True
pitch_00686,CA,2026-02-27,False
pitch_00687,CA,2026-02-27,False
pitch_00688,MI,2026-02-23,True
pitch_00689,MI,2026-02-23,False
pitch_00690,MI,2026-02-23,False
pitch_00691,MI,2026-02-23,False
pitch_00692,MI,2026-02-23,False
pitch_00693,CA,2026-03-12,True
pitch_00694,CA,2026-03-12,False
pitch_00695,CA,2026-03-12,False
pitch_00696,CA,2026-03-12,False
pitch_00697,CA,2026-03-12,False
pitch_00698,CA,2026-03-12,False
pitch_00699,CA,2026-03-12,False
pitch_00700,CA,2026-03-12,False
pitch_00701,CA,2026-03-12,False
pitch_00702,CA,2026-03-12,False
pitch_00703,CA,2026-03-17,True
pitch_00704,CA,2026-03-17,False
pitch_00705,CA,2026-03-17,False
pitch_00706,CA,2026-03-17,False
pitch_00707,CA,2026-03-17,False
pitch_00708,CA,2026-03-17,False
pitch_00709,CA,2026-03-17,False
pitch_00710,CA,2026-02-17,True
pitch_00711,CA,2026-02-17,False
pitch_00712,CA,2026-02-17,False
pitch_00713,CA,2026-02-17,False
pitch_00714,CA,2026-02-17,False
pitch_00715,CA,2026-02-17,False
pitch_00716,FL,2026-02-13,True
pitch_00717,FL,2026-02-13,False
pitch_00718,FL,2026-02-13,False
pitch_00719,FL,2026-02-13,False
pitch_00720,NY,2026-03-07,True
pitch_00721,OH,2026-03-04,True
pitch_00722,OH,2026-03-04,False
pitch_00723,OH,2026-03-04,False
pitch_00724,OH,2026-03-04,False
pitch_00725,OH,2026-03-04,False
pitch_00726,TX,2026-02-19,True
pitch_00727,TX,2026-02-19,False
pitch_00728,TX,2026-03-04,True
pitch_00729,CA,2026-03-05,True
pitch_00730,CA,2026-03-05,False
pitch_00731,CA,2026-02-04,True
pitch_00732,CA,2026-02-04,False
pitch_00733,CA,2026-02-18,True
pitch_00734,CA,2026-02-18,False
pitch_00735,CA,2026-02-18,False
pitch_00736,CA,2026-04-24,True
pitch_00737,CA,2026-04-24,False
pitch_00738,CA,2026-04-24,False
pitch_00739,CA,2026-04-24,False
pitch_00740,CA,2026-04-24,False
pitch_00741,OH,2026-04-23,True
pitch_00742,PA,2026-02-03,True
pitch_00743,PA,2026-02-03,False
pitch_00744,PA,2026-02-03,False
pitch_00745,OH,2026-03-12,True
pitch_00746,OH,2026-03-12,False
pitch_00747,OH,2026-03-12,False
pitch_00748,OH,2026-03-12,False
pitch_00749,TX,2026-02-11,True
pitch_00750,CA,2026-03-10,True
pitch_00751,CA,2026-03-10,False
pitch_00752,CA,2026-03-10,False
pitch_00753,CA,2026-03-10,False
pitch_00754,CA,2026-03-20,True
pitch_00755,CA,2026-03-22,True
pitch_00756,OH,2026-04-04,True
pitch_00757,CA,2026-02-03,True
pitch_00758,CA,2026-02-03,False
pitch_00759,CA,2026-02-19,True
pitch_00760,OH,2026-03-30,True
pitch_00761,CA,2026-02-12,True
pitch_00762,CA,2026-02-12,False
pitch_00763,CA,2026-02-12,False
pitch_00764,CA,2026-02-12,False
pitch_00765,CA,2026-02-12,False
pitch_00766,CA,2026-02-12,False
pitch_00767,CA,2026-02-12,False
pitch_00768,CA,2026-02-12,False
pitch_00769,CA,2026-02-12,False
pitch_00770,CA,2026-02-12,False
pitch_00771,CA,2026-02-12,False
pitch_00772,CA,2026-02-12,False
pitch_00773,CA,2026-02-12,False
pitch_00774,CA,2026-02-12,False
pitch_00775,NC,2026-03-03,True
pitch_00776,NC,2026-03-03,False
pitch_00777,NC,2026-03-03,False
pitch_00778,CA,2026-03-30,True
pitch_00779,CA,2026-03-30,False
pitch_00780,CA,2026-03-30,False
pitch_00781,CA,2026-03-30,False
pitch_00782,CA,2026-03-30,False
pitch_00783,CA,2026-03-30,False
pitch_00784,CA,2026-03-30,False
pitch_00785,CA,2026-03-30,False
pitch_00786,CA,2026-03-30,False
pitch_00787,CA,2026-03-30,False
pitch_00788,CA,2026-03-30,False
pitch_00789,CA,2026-03-30,False
pitch_00790,CA,2026-03-30,False
pitch_00791,CA,2026-02-17,True
pitch_00792,CA,2026-02-17,False
pitch_00793,CA,2026-02-17,False
pitch_00794,NC,2026-02-06,True
pitch_00795,NC,2026-02-06,False
pitch_00796,CA,2026-04-15,True
pitch_00797,CA,2026-02-14,True
pitch_00798,CA,2026-02-14,False
pitch_00799,CA,2026-01-20,True
pitch_00800,CA,2026-01-20,False
pitch_00801,FL,2026-02-06,True
pitch_00802,CA,2026-04-07,True
pitch_00803,CA,2026-04-07,False
pitch_00804,CA,2026-04-07,False
pitch_00805,CA,2026-04-07,False
pitch_00806,CA,2026-04-07,False
pitch_00807,CA,2026-04-07,False
pitch_00808,CA,2026-02-23,True
pitch_00809,CA,2026-02-23,False
pitch_00810,CA,2026-03-03,True
pitch_00811,CA,2026-03-03,False
pitch_00812,CA,2026-03-03,False
pitch_00813,CA,2026-04-08,True
pitch_00814,CA,2026-04-08,False
pitch_00815,CA,2026-04-08,False
pitch_00816,CA,2026-04-08,False
pitch_00817,CA,2026-04-08,False
pitch_00818,CA,2026-04-08,False
pitch_00819,CA,2026-04-08,False
pitch_00820,CA,2026-04-08,False
pitch_00821,CA,2026-04-08,False
pitch_00822,CA,2026-04-08,False
pitch_00823,CA,2026-04-08,False
pitch_00824,CA,2026-04-08,False
pitch_00825,CA,2026-04-08,False
pitch_00826,CA,2026-01-25,True
pitch_00827,CA,2026-01-25,False
pitch_00828,CA,2026-02-24,True
pitch_00829,CA,2026-02-24,False
pitch_00830,CA,2026-03-25,True
pitch_00831,CA,2026-03-21,True
pitch_00832,CA,2026-03-21,False
pitch_00833,CA,2026-03-21,False
pitch_00834,CA,2026-03-21,False
pitch_00835,CA,2026-03-21,False
pitch_00836,CA,2026-03-21,False
pitch_00837,CA,2026-03-21,False
pitch_00838,CA,2026-03-21,False
pitch_00839,CA,2026-03-21,False
pitch_00840,CA,2026-03-21,False
pitch_00841,CA,2026-03-25,True
pitch_00842,CA,2026-03-25,False
pitch_00843,CA,2026-03-25,False
pitch_00844,CA,2026-03-25,False
pitch_00845,CA,2026-03-25,False
pitch_00846,CA,2026-03-25,False
pitch_00847,CA,2026-03-25,False
pitch_00848,FL,2026-02-15,True
pitch_00849,CA,2026-04-09,True
pitch_00850,TX,2026-01-08,True
pitch_00851,TX,2026-02-20,True
pitch_00852,CA,2026-03-13,True
pitch_00853,CA,2026-03-13,False
pitch_00854,CA,2026-03-13,False
pitch_00855,CA,2026-03-13,False
pitch_00856,CA,2026-03-13,False
pitch_00857,CA,2026-03-13,False
pitch_00858,CA,2026-03-13,False
pitch_00859,CA,2026-04-08,True
pitch_00860,CA,2026-04-08,False
pitch_00861,CA,2026-04-08,False
pitch_00862,TX,2026-03-19,True
pitch_00863,TX,2026-03-19,False
pitch_00864,CA,2026-04-14,True
pitch_00865,CA,2026-02-24,True
pitch_00866,OH,2026-04-28,True
pitch_00867,OH,2026-04-28,False
pitch_00868,OH,2026-04-28,False
pitch_00869,OH,2026-04-28,False
pitch_00870,OH,2026-04-28,False
pitch_00871,OH,2026-04-28,False
pitch_00872,OH,2026-04-28,False
pitch_00873,OH,2026-04-28,False
pitch_00874,OH,2026-04-28,False
pitch_00875,OH,2026-04-28,False
pitch_00876,IL,2026-03-09,True
pitch_00877,IL,2026-03-09,False
pitch_00878,IL,2026-03-09,False
pitch_00879,IL,2026-03-09,False
pitch_00880,CA,2026-03-19,True
pitch_00881,CA,2026-03-19,False
pitch_00882,CA,2026-03-19,False
pitch_00883,CA,2026-03-19,False
pitch_00884,CA,2026-03-19,False
pitch_00885,CA,2026-03-19,False
pitch_00886,CA,2026-03-19,False
pitch_00887,CA,2026-03-19,False
pitch_00888,CA,2026-03-19,False
pitch_00889,CA,2026-03-19,False
pitch_00890,PA,2026-03-06,True
pitch_00891,PA,2026-03-06,False
pitch_00892,PA,2026-03-06,False
pitch_00893,CA,2026-02-28,True
pitch_00894,CA,2026-03-02,True
pitch_00895,CA,2026-03-02,False
pitch_00896,CA,2026-03-02,False
pitch_00897,CA,2026-03-02,False
pitch_00898,NC,2026-03-15,True
pitch_00899,NC,2026-03-15,False
pitch_00900,NC,2026-03-15,False
pitch_00901,NC,2026-03-15,False
pitch_00902,NC,2026-03-15,False
pitch_00903,NC,2026-03-15,False
pitch_00904,CA,2026-02-18,True
pitch_00905,NY,2026-03-08,True
pitch_00906,NY,2026-03-08,False
pitch_00907,NY,2026-03-08,False
pitch_00908,NY,2026-03-08,False
pitch_00909,CA,2026-03-18,True
pitch_00910,FL,2026-04-14,True
pitch_00911,FL,2026-04-14,False
pitch_00912,FL,2026-04-14,False
pitch_00913,FL,2026-04-14,False
pitch_00914,CA,2026-02-18,True
pitch_00915,CA,2026-02-18,False
pitch_00916,CA,2026-02-18,False
pitch_00917,CA,2026-02-18,False
pitch_00918,CA,2026-02-18,False
pitch_00919,CA,2026-03-17,True
pitch_00920,TX,2026-04-02,True
pitch_00921,TX,2026-04-02,False
pitch_00922,TX,2026-04-02,False
pitch_00923,TX,2026-04-02,False
pitch_00924,TX,2026-04-02,False
pitch_00925,CA,2026-03-02,True
pitch_00926,CA,2026-03-02,False
pitch_00927,CA,2026-03-02,False
pitch_00928,CA,2026-03-02,False
pitch_00929,CA,2026-03-02,False
pitch_00930,CA,2026-03-02,False
pitch_00931,CA,2026-03-02,False
pitch_00932,CA,2026-03-02,False
pitch_00933,CA,2026-03-02,False
pitch_00934,CA,2026-03-02,False
pitch_00935,CA,2026-03-02,False
pitch_00936,CA,2026-03-02,False
pitch_00937,CA,2026-03-02,False
pitch_00938,CA,2026-04-11,True
pitch_00939,CA,2026-04-11,False
pitch_00940,CA,2026-04-11,False
pitch_00941,CA,2026-04-11,False
pitch_00942,CA,2026-04-11,False
pitch_00943,CA,2026-03-30,True
pitch_00944,CA,2026-03-30,False
pitch_00945,CA,2026-03-30,False
pitch_00946,CA,2026-03-30,False
pitch_00947,CA,2026-03-30,False
pitch_00948,CA,2026-03-30,False
pitch_00949,CA,2026-03-30,False
pitch_00950,CA,2026-03-30,False
pitch_00951,CA,2026-03-30,False
pitch_00952,FL,2026-02-23,True
pitch_00953,FL,2026-02-23,False
pitch_00954,FL,2026-02-23,False
pitch_00955,FL,2026-02-23,False
pitch_00956,FL,2026-02-23,False
pitch_00957,GA,2026-03-13,True
pitch_00958,TX,2026-02-24,True
pitch_00959,PA,2026-03-21,True
pitch_00960,PA,2026-03-21,False
pitch_00961,CA,2026-03-22,True
pitch_00962,CA,2026-03-22,False
pitch_00963,CA,2026-03-22,False
pitch_00964,CA,2026-03-22,False
pitch_00965,CA,2026-03-22,False
pitch_00966,CA,2026-03-29,True
pitch_00967,CA,2026-03-29,False
pitch_00968,NY,2026-02-27,True
pitch_00969,NY,2026-02-27,False
pitch_00970,CA,2026-05-02,True
pitch_00971,OH,2026-01-29,True
pitch_00972,OH,2026-01-29,False
pitch_00973,CA,2026-02-08,True
pitch_00974,CA,2026-02-08,False
pitch_00975,CA,2026-02-08,False
pitch_00976,CA,2026-02-08,False
pitch_00977,CA,2026-02-08,False
pitch_00978,CA,2026-02-08,False
pitch_00979,CA,2026-02-08,False
pitch_00980,CA,2026-02-19,True
pitch_00981,NY,2026-02-05,True
pitch_00982,NY,2026-02-05,False
pitch_00983,NY,2026-02-05,False
pitch_00984,NY,2026-02-05,False
pitch_00985,FL,2026-03-06,True
pitch_00986,FL,2026-03-06,False
pitch_00987,TX,2026-04-21,True
pitch_00988,TX,2026-04-21,False
pitch_00989,TX,2026-04-21,False
pitch_00990,CA,2026-02-23,True
pitch_00991,CA,2026-02-23,False
pitch_00992,CA,2026-02-23,False
pitch_00993,CA,2026-02-23,False
pitch_00994,CA,2026-02-23,False
pitch_00995,CA,2026-02-23,False
pitch_00996,CA,2026-02-23,False
pitch_00997,CA,2026-02-23,False
pitch_00998,CA,2026-02-23,False
pitch_00999,CA,2026-03-01,True
pitch_01000,CA,2026-01-26,True
pitch_01001,CA,2026-01-26,False
pitch_01002,CA,2026-01-26,False
pitch_01003,FL,2026-02-25,True
pitch_01004,FL,2026-02-25,False
pitch_01005,FL,2026-02-25,False
pitch_01006,CA,2026-03-24,True
pitch_01007,CA,2026-03-24,False
pitch_01008,CA,2026-03-24,False
pitch_01009,CA,2026-03-24,False
pitch_01010,CA,2026-03-24,False
pitch_01011,CA,2026-03-24,False
pitch_01012,TX,2026-03-01,True
pitch_01013,TX,2026-03-01,False
pitch_01014,TX,2026-03-01,False
pitch_01015,TX,2026-03-01,False
pitch_01016,CA,2026-02-23,True
pitch_01017,CA,2026-02-23,False
pitch_01018,CA,2026-02-23,False
pitch_01019,TX,2026-03-25,True
pitch_01020,TX,2026-03-25,False
pitch_01021,TX,2026-03-25,False
pitch_01022,CA,2026-03-05,True
pitch_01023,CA,2026-03-05,False
pitch_01024,OH,2026-04-04,True
pitch_01025,OH,2026-04-04,False
pitch_01026,OH,2026-04-04,False
pitch_01027,CA,2026-02-08,True
pitch_01028,CA,2026-02-08,False
pitch_01029,CA,2026-02-08,False
pitch_01030,CA,2026-01-26,True
pitch_01031,CA,2026-01-26,False
pitch_01032,CA,2026-01-26,False
pitch_01033,CA,2026-01-26,False
pitch_01034,CA,2026-01-26,False
pitch_01035,CA,2026-01-26,False
pitch_01036,CA,2026-01-26,False
pitch_01037,CA,2026-01-26,False
pitch_01038,CA,2026-01-26,False
pitch_01039,CA,2026-01-26,False
pitch_01040,CA,2026-01-26,False
pitch_01041,CA,2026-01-26,False
pitch_01042,CA,2026-01-26,False
pitch_01043,FL,2026-01-06,True
pitch_01044,FL,2026-01-06,False
pitch_01045,FL,2026-01-06,False
pitch_01046,FL,2026-01-06,False
pitch_01047,FL,2026-01-06,False
pitch_01048,CA,2026-03-23,True
pitch_01049,CA,2026-03-23,False
pitch_01050,VA,2026-03-31,True
pitch_01051,VA,2026-03-31,False
pitch_01052,NJ,2026-02-27,True
pitch_01053,FL,2026-03-20,True
pitch_01054,FL,2026-03-20,False
pitch_01055,CA,2026-04-27,True
pitch_01056,CA,2026-04-27,False
pitch_01057,CA,2026-04-27,False
pitch_01058,CA,2026-04-27,False
pitch_01059,CA,2026-04-27,False
pitch_01060,CA,2026-04-27,False
pitch_01061,TX,2026-02-08,True
pitch_01062,OH,2026-03-03,True
pitch_01063,OH,2026-03-03,False
pitch_01064,OH,2026-03-03,False
pitch_01065,OH,2026-03-03,False
pitch_01066,CA,2026-02-27,True
pitch_01067,TX,2026-02-16,True
pitch_01068,CA,2026-01-19,True
pitch_01069,CA,2026-01-19,False
pitch_01070,CA,2026-01-19,False
pitch_01071,CA,2026-01-19,False
pitch_01072,CA,2026-01-19,False
pitch_01073,TX,2026-03-05,True
pitch_01074,CA,2026-03-22,True
pitch_01075,CA,2026-03-22,False
pitch_01076,CA,2026-04-04,True
pitch_01077,CA,2026-04-04,False
pitch_01078,CA,2026-04-04,False
pitch_01079,CA,2026-04-11,True
pitch_01080,CA,2026-04-11,False
pitch_01081,CA,2026-04-11,False
pitch_01082,CA,2026-04-11,False
pitch_01083,FL,2026-02-13,True
pitch_01084,FL,2026-02-13,False
pitch_01085,FL,2026-02-13,False
pitch_01086,FL,2026-02-13,False
pitch_01087,FL,2026-02-13,False
pitch_01088,CA,2026-02-03,True
pitch_01089,TX,2026-02-14,True
pitch_01090,CA,2026-02-12,True
pitch_01091,CA,2026-02-12,False
pitch_01092,CA,2026-02-12,False
pitch_01093,CA,2026-02-12,False
pitch_01094,IL,2026-02-07,True
pitch_01095,IL,2026-02-07,False
pitch_01096,CA,2026-02-23,True
pitch_01097,CA,2026-02-19,True
pitch_01098,CA,2026-02-19,False
pitch_01099,CA,2026-02-19,False
pitch_01100,CA,2026-02-19,False
pitch_01101,CA,2026-02-19,False
pitch_01102,CA,2026-02-19,False
pitch_01103,CA,2026-02-19,False
pitch_01104,CA,2026-02-19,False
pitch_01105,CA,2026-02-19,False
pitch_01106,CA,2026-02-19,False
pitch_01107,CA,2026-02-19,False
pitch_01108,CA,2026-02-19,False
pitch_01109,CA,2026-02-19,False
pitch_01110,CA,2026-02-19,False
pitch_01111,CA,2026-02-19,False
pitch_01112,CA,2026-02-19,False
pitch_01113,CA,2026-02-19,False
pitch_01114,CA,2026-02-03,True
pitch_01115,CA,2026-02-03,False
pitch_01116,NC,2026-02-04,True
pitch_01117,NC,2026-02-04,False
pitch_01118,NC,2026-02-04,False
pitch_01119,NC,2026-02-04,False
pitch_01120,NC,2026-03-13,True
pitch_01121,OH,2026-02-06,True
pitch_01122,OH,2026-02-06,False
pitch_01123,OH,2026-02-06,False
pitch_01124,NY,2026-02-28,True
pitch_01125,VA,2026-04-13,True
pitch_01126,VA,2026-04-13,False
pitch_01127,VA,2026-04-13,False
pitch_01128,VA,2026-04-13,False
pitch_01129,VA,2026-04-13,False
pitch_01130,VA,2026-04-13,False
pitch_01131,VA,2026-04-13,False
pitch_01132,CA,2026-03-10,True
pitch_01133,CA,2026-03-10,False
pitch_01134,CA,2026-03-10,False
pitch_01135,CA,2026-04-22,True
pitch_01136,CA,2026-03-05,True
pitch_01137,CA,2026-03-05,False
pitch_01138,CA,2026-03-05,False
pitch_01139,CA,2026-03-05,False
pitch_01140,CA,2026-03-05,False
pitch_01141,FL,2026-02-28,True
pitch_01142,FL,2026-02-28,False
pitch_01143,FL,2026-02-28,False
pitch_01144,FL,2026-02-28,False
pitch_01145,FL,2026-02-28,False
pitch_01146,CA,2026-03-10,True
pitch_01147,CA,2026-03-10,False
pitch_01148,CA,2026-03-10,False
pitch_01149,CA,2026-03-10,False
pitch_01150,CA,2026-03-10,False
pitch_01151,CA,2026-03-10,False
pitch_01152,CA,2026-03-10,False
pitch_01153,CA,2026-03-10,False
pitch_01154,CA,2026-03-10,False
pitch_01155,CA,2026-03-10,False
pitch_01156,CA,2026-03-10,False
pitch_01157,OH,2026-02-03,True
pitch_01158,CA,2026-04-01,True
pitch_01159,CA,2026-04-01,False
pitch_01160,OH,2026-03-11,True
pitch_01161,CA,2026-04-10,True
pitch_01162,CA,2026-04-10,False
pitch_01163,CA,2026-04-10,False
pitch_01164,CA,2026-04-10,False
pitch_01165,CA,2026-04-10,False
pitch_01166,CA,2026-04-10,False
pitch_01167,CA,2026-04-10,False
pitch_01168,CA,2026-04-10,False
pitch_01169,CA,2026-04-10,False
pitch_01170,CA,2026-03-03,True
pitch_01171,TX,2026-03-15,True
pitch_01172,TX,2026-03-15,False
pitch_01173,TX,2026-03-15,False
pitch_01174,TX,2026-03-15,False
pitch_01175,VA,2026-02-26,True
pitch_01176,VA,2026-02-26,False
pitch_01177,CA,2026-02-15,True
pitch_01178,CA,2026-02-15,False
pitch_01179,CA,2026-02-15,False
pitch_01180,GA,2026-04-13,True
pitch_01181,NY,2026-02-27,True
pitch_01182,NY,2026-02-27,False
pitch_01183,NY,2026-02-27,False
pitch_01184,NY,2026-02-27,False
pitch_01185,CA,2026-03-09,True
pitch_01186,CA,2026-01-19,True
pitch_01187,CA,2026-01-19,False
pitch_01188,CA,2026-03-30,True
pitch_01189,CA,2026-03-30,False
pitch_01190,NC,2026-02-23,True
pitch_01191,CA,2026-02-19,True
pitch_01192,NY,2026-03-08,True
pitch_01193,NY,2026-03-08,False
pitch_01194,TX,2026-03-31,True
pitch_01195,TX,2026-03-31,False
pitch_01196,FL,2026-03-12,True
pitch_01197,FL,2026-03-12,False
pitch_01198,NC,2026-02-05,True
pitch_01199,NC,2026-02-05,False
pitch_01200,NC,2026-02-05,False
pitch_01201,NC,2026-02-05,False
pitch_01202,NC,2026-02-05,False
pitch_01203,NC,2026-02-05,False
pitch_01204,NC,2026-02-05,False
pitch_01205,NC,2026-02-05,False
pitch_01206,NC,2026-02-05,False
pitch_01207,TX,2026-04-02,True
pitch_01208,TX,2026-04-02,False
pitch_01209,TX,2026-04-02,False
pitch_01210,TX,2026-04-02,False
pitch_01211,TX,2026-04-02,False
pitch_01212,TX,2026-04-02,False
pitch_01213,TX,2026-04-02,False
pitch_01214,TX,2026-04-02,False
pitch_01215,TX,2026-04-02,False
pitch_01216,TX,2026-04-02,False
pitch_01217,TX,2026-04-02,False
pitch_01218,FL,2026-01-18,True
pitch_01219,MI,2026-03-07,True
pitch_01220,TX,2026-03-16,True
pitch_01221,TX,2026-03-16,False
pitch_01222,CA,2026-02-26,True
pitch_01223,CA,2026-02-26,False
pitch_01224,CA,2026-03-12,True
pitch_01225,CA,2026-03-12,False
pitch_01226,CA,2026-03-12,False
pitch_01227,CA,2026-03-03,True
pitch_01228,CA,2026-03-03,False
pitch_01229,CA,2026-03-03,False
pitch_01230,CA,2026-03-03,False
pitch_01231,CA,2026-03-03,False
pitch_01232,CA,2026-02-15,True
pitch_01233,CA,2026-02-03,True
pitch_01234,CA,2026-02-03,False
pitch_01235,CA,2026-02-03,False
pitch_01236,CA,2026-01-31,True
pitch_01237,CA,2026-01-31,False
pitch_01238,CA,2026-01-31,False
pitch_01239,CA,2026-01-31,False
pitch_01240,CA,2026-01-31,False
pitch_01241,GA,2026-03-13,True
pitch_01242,GA,2026-03-13,False
pitch_01243,GA,2026-03-13,False
pitch_01244,FL,2026-03-18,True
pitch_01245,FL,2026-03-18,False
pitch_01246,FL,2026-03-18,False
pitch_01247,FL,2026-03-18,False
pitch_01248,FL,2026-03-18,False
pitch_01249,FL,2026-03-18,False
pitch_01250,CA,2026-02-21,True
pitch_01251,CA,2026-02-21,False
pitch_01252,CA,2026-04-05,True
pitch_01253,CA,2026-04-05,False
pitch_01254,CA,2026-04-05,False
pitch_01255,CA,2026-04-05,False
pitch_01256,CA,2026-04-05,False
pitch_01257,CA,2026-04-05,False
pitch_01258,CA,2026-04-05,False
pitch_01259,CA,2026-03-29,True
pitch_01260,CA,2026-03-29,False
pitch_01261,CA,2026-03-29,False
pitch_01262,CA,2026-03-29,False
pitch_01263,CA,2026-03-29,False
pitch_01264,CA,2026-03-29,False
pitch_01265,CA,2026-03-29,False
pitch_01266,CA,2026-03-29,False
pitch_01267,NY,2026-02-05,True
pitch_01268,NY,2026-02-05,False
pitch_01269,GA,2026-02-28,True
pitch_01270,GA,2026-02-28,False
pitch_01271,GA,2026-02-28,False
pitch_01272,CA,2026-02-22,True
pitch_01273,CA,2026-02-22,False
pitch_01274,CA,2026-02-22,False
pitch_01275,CA,2026-02-22,False
pitch_01276,CA,2026-02-22,False
pitch_01277,CA,2026-02-22,False
pitch_01278,CA,2026-02-22,False
pitch_01279,CA,2026-02-22,False
pitch_01280,CA,2026-02-22,False
pitch_01281,CA,2026-02-22,False
pitch_01282,CA,2026-02-22,False
pitch_01283,CA,2026-02-22,False
pitch_01284,CA,2026-02-13,True
pitch_01285,CA,2026-02-13,False
pitch_01286,NY,2026-04-01,True
pitch_01287,NY,2026-04-01,False
pitch_01288,NY,2026-04-01,False
pitch_01289,NY,2026-04-01,False
pitch_01290,CA,2026-03-28,True
pitch_01291,TX,2026-03-08,True
pitch_01292,CA,2026-04-20,True
pitch_01293,CA,2026-04-20,False
pitch_01294,CA,2026-03-03,True
pitch_01295,CA,2026-02-27,True
pitch_01296,PA,2026-02-27,True
pitch_01297,CA,2026-01-21,True
pitch_01298,CA,2026-01-21,False
pitch_01299,CA,2026-01-21,False
pitch_01300,CA,2026-01-21,False
pitch_01301,CA,2026-02-10,True
pitch_01302,CA,2026-02-10,False
pitch_01303,CA,2026-02-10,False
pitch_01304,CA,2026-02-10,False
pitch_01305,CA,2026-02-10,False
pitch_01306,CA,2026-02-14,True
pitch_01307,CA,2026-02-14,False
pitch_01308,CA,2026-02-14,False
pitch_01309,CA,2026-02-14,False
pitch_01310,CA,2026-02-14,False
pitch_01311,CA,2026-02-14,False
pitch_01312,CA,2026-02-14,False
pitch_01313,CA,2026-02-14,False
pitch_01314,CA,2026-02-14,False
pitch_01315,CA,2026-02-14,False
pitch_01316,OH,2026-04-21,True
pitch_01317,TX,2026-03-08,True
pitch_01318,CA,2026-02-14,True
pitch_01319,CA,2026-02-14,False
pitch_01320,CA,2026-02-14,False
pitch_01321,CA,2026-02-14,False
pitch_01322,CA,2026-02-14,False
pitch_01323,CA,2026-02-14,False
pitch_01324,CA,2026-02-14,False
pitch_01325,TX,2026-03-25,True
pitch_01326,TX,2026-03-25,False
pitch_01327,TX,2026-03-25,False
pitch_01328,TX,2026-03-25,False
pitch_01329,MI,2026-02-16,True
pitch_01330,MI,2026-02-16,False
pitch_01331,MI,2026-02-16,False
pitch_01332,CA,2026-03-02,True
pitch_01333,CA,2026-03-02,False
pitch_01334,CA,2026-03-02,False
pitch_01335,CA,2026-03-02,False
pitch_01336,CA,2026-03-02,False
pitch_01337,VA,2026-03-08,True
pitch_01338,CA,2026-03-15,True
pitch_01339,CA,2026-03-15,False
pitch_01340,CA,2026-03-15,False
pitch_01341,CA,2026-03-15,False
pitch_01342,CA,2026-03-15,False
pitch_01343,CA,2026-03-15,False
pitch_01344,CA,2026-03-15,False
pitch_01345,CA,2026-03-15,False
pitch_01346,CA,2026-03-15,False
pitch_01347,CA,2026-03-15,False
pitch_01348,MI,2026-02-04,True
pitch_01349,MI,2026-02-04,False
pitch_01350,FL,2026-03-07,True
pitch_01351,FL,2026-03-07,False
pitch_01352,FL,2026-03-07,False
pitch_01353,FL,2026-03-07,False
pitch_01354,FL,2026-03-07,False
pitch_01355,FL,2026-03-07,False
pitch_01356,CA,2026-03-02,True
pitch_01357,CA,2026-03-02,False
pitch_01358,CA,2026-03-02,False
pitch_01359,CA,2026-03-02,False
pitch_01360,CA,2026-03-05,True
pitch_01361,CA,2026-03-05,False
pitch_01362,CA,2026-03-05,False
pitch_01363,CA,2026-03-05,False
pitch_01364,TX,2026-02-16,True
pitch_01365,TX,2026-02-16,False
pitch_01366,TX,2026-02-16,False
pitch_01367,TX,2026-02-16,False
pitch_01368,TX,2026-02-16,False
pitch_01369,TX,2026-02-16,False
pitch_01370,IL,2026-03-14,True
pitch_01371,IL,2026-03-14,False
pitch_01372,IL,2026-03-14,False
pitch_01373,VA,2026-01-25,True
pitch_01374,VA,2026-01-25,False
pitch_01375,CA,2026-03-04,True
pitch_01376,CA,2026-04-05,True
pitch_01377,CA,2026-04-05,False
pitch_01378,CA,2026-04-05,False
pitch_01379,CA,2026-04-05,False
pitch_01380,CA,2026-03-01,True
pitch_01381,CA,2026-03-01,False
pitch_01382,CA,2026-02-24,True
pitch_01383,CA,2026-02-24,False
pitch_01384,CA,2026-02-24,False
pitch_01385,CA,2026-03-15,True
pitch_01386,CA,2026-03-15,False
pitch_01387,CA,2026-03-15,False
pitch_01388,CA,2026-03-16,True
pitch_01389,CA,2026-03-16,False
pitch_01390,CA,2026-03-03,True
pitch_01391,CA,2026-03-03,False
pitch_01392,CA,2026-03-03,False
pitch_01393,CA,2026-03-03,False
pitch_01394,CA,2026-03-03,False
pitch_01395,CA,2026-03-03,False
pitch_01396,CA,2026-03-21,True
pitch_01397,CA,2026-03-21,False
pitch_01398,CA,2026-03-21,False
pitch_01399,CA,2026-03-21,False
pitch_01400,CA,2026-03-21,False
pitch_01401,CA,2026-03-21,False
pitch_01402,CA,2026-03-21,False
pitch_01403,CA,2026-03-21,False
pitch_01404,FL,2026-02-14,True
pitch_01405,FL,2026-02-21,True
pitch_01406,FL,2026-02-21,False
pitch_01407,FL,2026-02-21,False
pitch_01408,FL,2026-02-21,False
pitch_01409,FL,2026-02-21,False
pitch_01410,FL,2026-02-21,False
pitch_01411,CA,2026-02-09,True
pitch_01412,IL,2026-02-22,True
pitch_01413,IL,2026-02-22,False
pitch_01414,IL,2026-02-22,False
pitch_01415,IL,2026-02-22,False
pitch_01416,IL,2026-02-22,False
pitch_01417,IL,2026-02-22,False
pitch_01418,CA,2026-03-18,True
pitch_01419,CA,2026-03-24,True
pitch_01420,CA,2026-03-24,False
pitch_01421,CA,2026-03-24,False
pitch_01422,CA,2026-03-24,False
pitch_01423,CA,2026-03-24,False
pitch_01424,CA,2026-03-24,False
pitch_01425,CA,2026-03-24,False
pitch_01426,CA,2026-03-24,False
pitch_01427,CA,2026-03-24,False
pitch_01428,CA,2026-03-24,False
pitch_01429,CA,2026-03-24,False
pitch_01430,CA,2026-03-24,False
pitch_01431,CA,2026-02-12,True
pitch_01432,CA,2026-02-12,False
pitch_01433,CA,2026-02-12,False
pitch_01434,CA,2026-02-12,False
pitch_01435,CA,2026-02-12,False
pitch_01436,CA,2026-02-12,False
pitch_01437,CA,2026-02-12,False
pitch_01438,CA,2026-02-12,False
pitch_01439,CA,2026-02-12,False
pitch_01440,FL,2026-02-22,True
pitch_01441,CA,2026-03-02,True
pitch_01442,FL,2026-02-22,True
pitch_01443,VA,2026-02-26,True
pitch_01444,FL,2026-03-14,True
pitch_01445,FL,2026-03-14,False
pitch_01446,FL,2026-03-14,False
pitch_01447,TX,2026-03-12,True
pitch_01448,TX,2026-04-04,True
pitch_01449,TX,2026-04-04,False
pitch_01450,OH,2026-03-24,True
pitch_01451,CA,2026-03-04,True
pitch_01452,CA,2026-03-04,False
pitch_01453,CA,2026-03-04,False
pitch_01454,CA,2026-03-04,False
pitch_01455,CA,2026-03-04,False
pitch_01456,CA,2026-03-04,False
pitch_01457,CA,2026-03-04,False
pitch_01458,CA,2026-03-04,False
pitch_01459,PA,2026-03-05,True
pitch_01460,PA,2026-03-05,False
pitch_01461,PA,2026-03-05,False
pitch_01462,NY,2026-02-04,True
pitch_01463,NY,2026-02-04,False
pitch_01464,NJ,2026-03-25,True
pitch_01465,NJ,2026-03-25,False
pitch_01466,NJ,2026-03-25,False
pitch_01467,OH,2026-04-04,True
pitch_01468,OH,2026-04-04,False
pitch_01469,OH,2026-04-04,False
pitch_01470,OH,2026-04-04,False
pitch_01471,TX,2026-03-12,True
pitch_01472,TX,2026-03-12,False
pitch_01473,FL,2026-04-11,True
pitch_01474,CA,2026-02-24,True
pitch_01475,MI,2026-02-21,True
pitch_01476,CA,2026-02-13,True
pitch_01477,TX,2026-02-28,True
pitch_01478,GA,2026-03-28,True
pitch_01479,FL,2026-02-12,True
pitch_01480,FL,2026-02-12,False
pitch_01481,FL,2026-02-12,False
pitch_01482,FL,2026-02-12,False
pitch_01483,FL,2026-02-12,False
pitch_01484,FL,2026-02-12,False
pitch_01485,CA,2026-03-26,True
pitch_01486,IL,2026-02-19,True
pitch_01487,IL,2026-02-19,False
pitch_01488,IL,2026-02-19,False
pitch_01489,MI,2026-03-16,True
pitch_01490,IL,2026-03-26,True
pitch_01491,IL,2026-03-26,False
pitch_01492,IL,2026-03-26,False
pitch_01493,IL,2026-03-26,False
pitch_01494,CA,2026-02-17,True
pitch_01495,CA,2026-02-17,False
pitch_01496,CA,2026-02-17,False
pitch_01497,CA,2026-02-17,False
pitch_01498,CA,2026-02-17,False
pitch_01499,CA,2026-03-01,True
pitch_01500,CA,2026-03-01,False
pitch_01501,CA,2026-03-01,False
pitch_01502,CA,2026-03-23,True
pitch_01503,CA,2026-03-23,False
pitch_01504,CA,2026-03-23,False
pitch_01505,CA,2026-03-23,False
pitch_01506,CA,2026-03-23,False
pitch_01507,TX,2026-03-23,True
pitch_01508,TX,2026-03-23,False
pitch_01509,TX,2026-03-23,False
pitch_01510,TX,2026-03-23,False
pitch_01511,TX,2026-03-23,False
pitch_01512,NC,2026-03-28,True
pitch_01513,IL,2026-01-22,True
pitch_01514,IL,2026-01-22,False
pitch_01515,CA,2026-02-14,True
pitch_01516,CA,2026-02-14,False
pitch_01517,CA,2026-02-14,False
pitch_01518,CA,2026-02-14,False
pitch_01519,CA,2026-02-14,False
pitch_01520,CA,2026-02-14,False
pitch_01521,CA,2026-03-26,True
pitch_01522,CA,2026-03-26,False
pitch_01523,CA,2026-03-26,False
pitch_01524,CA,2026-03-26,False
pitch_01525,CA,2026-03-26,False
pitch_01526,CA,2026-02-27,True
pitch_01527,CA,2026-03-21,True
pitch_01528,CA,2026-03-21,False
pitch_01529,FL,2026-03-04,True
pitch_01530,FL,2026-03-04,False
pitch_01531,CA,2026-04-24,True
pitch_01532,CA,2026-04-24,False
pitch_01533,CA,2026-04-24,False
pitch_01534,CA,2026-04-24,False
pitch_01535,CA,2026-02-28,True
pitch_01536,CA,2026-02-28,False
pitch_01537,CA,2026-02-28,False
pitch_01538,CA,2026-02-28,False
pitch_01539,CA,2026-03-04,True
pitch_01540,PA,2026-02-14,True
pitch_01541,PA,2026-02-14,False
pitch_01542,PA,2026-02-14,False
pitch_01543,PA,2026-02-14,False
pitch_01544,OH,2026-04-06,True
pitch_01545,OH,2026-03-25,True
pitch_01546,OH,2026-03-25,False
pitch_01547,OH,2026-03-25,False
pitch_01548,CA,2026-02-19,True
pitch_01549,CA,2026-02-19,False
pitch_01550,GA,2026-04-12,True
pitch_01551,CA,2026-02-16,True
pitch_01552,CA,2026-02-16,False
pitch_01553,CA,2026-02-16,False
pitch_01554,CA,2026-02-16,False
pitch_01555,NY,2026-01-21,True
pitch_01556,CA,2026-02-15,True
pitch_01557,CA,2026-02-15,False
pitch_01558,CA,2026-02-15,False
pitch_01559,CA,2026-02-15,False
pitch_01560,CA,2026-02-15,False
pitch_01561,CA,2026-02-15,False
pitch_01562,CA,2026-03-30,True
pitch_01563,CA,2026-03-30,False
pitch_01564,CA,2026-02-22,True
pitch_01565,CA,2026-02-22,False
pitch_01566,CA,2026-03-12,True
pitch_01567,CA,2026-03-12,False
pitch_01568,CA,2026-03-12,False
pitch_01569,OH,2026-03-22,True
pitch_01570,NC,2026-02-07,True
pitch_01571,NC,2026-02-07,False
pitch_01572,NC,2026-02-07,False
pitch_01573,NC,2026-02-07,False
pitch_01574,NC,2026-02-07,False
pitch_01575,NC,2026-02-07,False
pitch_01576,FL,2026-03-20,True
pitch_01577,FL,2026-03-20,False
pitch_01578,FL,2026-03-20,False
pitch_01579,FL,2026-03-20,False
pitch_01580,CA,2026-04-02,True
pitch_01581,CA,2026-03-24,True
pitch_01582,CA,2026-03-04,True
pitch_01583,CA,2026-03-04,False
pitch_01584,CA,2026-03-04,False
pitch_01585,TX,2026-03-24,True
pitch_01586,TX,2026-03-24,False
pitch_01587,TX,2026-03-24,False
pitch_01588,TX,2026-02-27,True
pitch_01589,TX,2026-02-21,True
pitch_01590,CA,2026-03-12,True
pitch_01591,CA,2026-03-12,False
pitch_01592,OH,2026-04-01,True
pitch_01593,OH,2026-04-01,False
pitch_01594,OH,2026-04-01,False
pitch_01595,OH,2026-04-01,False
pitch_01596,OH,2026-04-01,False
pitch_01597,FL,2026-02-27,True
pitch_01598,FL,2026-02-27,False
pitch_01599,FL,2026-02-27,False
pitch_01600,FL,2026-02-27,False
pitch_01601,FL,2026-02-27,False
pitch_01602,NY,2026-03-21,True
pitch_01603,NY,2026-03-21,False
pitch_01604,CA,2026-04-03,True
pitch_01605,CA,2026-02-15,True
pitch_01606,CA,2026-01-19,True
pitch_01607,CA,2026-01-19,False
pitch_01608,CA,2026-01-19,False
pitch_01609,CA,2026-01-19,False
pitch_01610,CA,2026-04-16,True
pitch_01611,CA,2026-04-16,False
pitch_01612,CA,2026-04-16,False
pitch_01613,CA,2026-04-16,False
pitch_01614,CA,2026-03-13,True
pitch_01615,CA,2026-03-21,True
pitch_01616,CA,2026-03-21,False
pitch_01617,CA,2026-03-21,False
pitch_01618,CA,2026-03-21,False
pitch_01619,CA,2026-03-21,False
pitch_01620,CA,2026-03-21,False
pitch_01621,CA,2026-03-21,False
pitch_01622,CA,2026-03-21,False
pitch_01623,CA,2026-03-21,False
pitch_01624,CA,2026-03-21,False
pitch_01625,CA,2026-03-21,False
pitch_01626,TX,2026-03-04,True
pitch_01627,TX,2026-02-25,True
pitch_01628,TX,2026-02-25,False
pitch_01629,TX,2026-02-25,False
pitch_01630,FL,2026-04-08,True
pitch_01631,FL,2026-04-08,False
pitch_01632,FL,2026-04-08,False
pitch_01633,FL,2026-04-08,False
pitch_01634,CA,2026-02-11,True
pitch_01635,CA,2026-02-11,False
pitch_01636,CA,2026-02-11,False
pitch_01637,CA,2026-02-11,False
pitch_01638,CA,2026-02-11,False
pitch_01639,CA,2026-02-11,False
pitch_01640,CA,2026-04-27,True
pitch_01641,CA,2026-03-10,True
pitch_01642,CA,2026-03-10,False
pitch_01643,CA,2026-03-10,False
pitch_01644,CA,2026-03-10,False
pitch_01645,CA,2026-03-10,False
pitch_01646,CA,2026-03-10,False
pitch_01647,CA,2026-03-10,False
pitch_01648,CA,2026-03-10,False
pitch_01649,CA,2026-03-10,False
pitch_01650,CA,2026-03-10,False
pitch_01651,FL,2026-03-13,True
pitch_01652,CA,2026-04-03,True
pitch_01653,OH,2026-02-24,True
pitch_01654,OH,2026-02-24,False
pitch_01655,FL,2026-02-11,True
pitch_01656,FL,2026-02-11,False
pitch_01657,FL,2026-02-11,False
pitch_01658,CA,2026-02-09,True
pitch_01659,CA,2026-02-09,False
pitch_01660,CA,2026-02-09,False
pitch_01661,CA,2026-02-09,False
pitch_01662,CA,2026-02-09,False
pitch_01663,CA,2026-02-09,False
pitch_01664,CA,2026-02-09,False
pitch_01665,CA,2026-03-31,True
pitch_01666,CA,2026-03-31,False
pitch_01667,CA,2026-03-31,False
pitch_01668,CA,2026-03-31,False
pitch_01669,CA,2026-03-31,False
pitch_01670,CA,2026-03-31,False
pitch_01671,CA,2026-03-31,False
pitch_01672,CA,2026-03-31,False
pitch_01673,CA,2026-03-31,False
pitch_01674,CA,2026-03-31,False
pitch_01675,CA,2026-03-31,False
pitch_01676,CA,2026-03-31,False
pitch_01677,CA,2026-03-22,True
pitch_01678,CA,2026-03-22,False
pitch_01679,CA,2026-04-06,True
pitch_01680,CA,2026-03-13,True
pitch_01681,CA,2026-03-13,False
pitch_01682,CA,2026-03-13,False
pitch_01683,CA,2026-03-13,False
pitch_01684,CA,2026-03-13,False
pitch_01685,CA,2026-03-13,False
pitch_01686,CA,2026-03-13,False
pitch_01687,CA,2026-03-13,False
pitch_01688,CA,2026-03-13,False
pitch_01689,CA,2026-03-13,False
pitch_01690,CA,2026-03-13,False
pitch_01691,CA,2026-03-13,False
pitch_01692,CA,2026-03-13,False
pitch_01693,CA,2026-03-13,True
pitch_01694,TX,2026-03-16,True
pitch_01695,TX,2026-03-16,False
pitch_01696,TX,2026-03-16,False
pitch_01697,TX,2026-03-16,False
pitch_01698,TX,2026-03-16,False
pitch_01699,TX,2026-03-02,True
pitch_01700,CA,2026-03-04,True
pitch_01701,CA,2026-03-04,False
pitch_01702,CA,2026-03-04,False
pitch_01703,CA,2026-03-04,False
pitch_01704,CA,2026-03-13,True
pitch_01705,CA,2026-03-13,False
pitch_01706,CA,2026-03-13,False
pitch_01707,CA,2026-03-13,False
pitch_01708,CA,2026-03-13,False
pitch_01709,CA,2026-03-13,False
pitch_01710,CA,2026-03-13,False
pitch_01711,CA,2026-03-13,False
pitch_01712,NY,2026-03-05,True
pitch_01713,TX,2026-03-11,True
pitch_01714,TX,2026-03-11,False
pitch_01715,CA,2026-03-04,True
pitch_01716,CA,2026-03-04,False
pitch_01717,CA,2026-03-04,False
pitch_01718,CA,2026-03-04,False
pitch_01719,CA,2026-03-04,False
pitch_01720,CA,2026-03-04,False
pitch_01721,CA,2026-03-04,False
pitch_01722,CA,2026-04-17,True
pitch_01723,OH,2026-02-12,True
pitch_01724,NY,2026-02-10,True
pitch_01725,FL,2026-02-11,True
pitch_01726,FL,2026-02-11,False
pitch_01727,FL,2026-02-11,False
pitch_01728,FL,2026-02-11,False
pitch_01729,NC,2026-02-28,True
pitch_01730,CA,2026-04-06,True
pitch_01731,CA,2026-03-06,True
pitch_01732,CA,2026-03-06,False
pitch_01733,CA,2026-03-06,False
pitch_01734,CA,2026-03-06,False
pitch_01735,CA,2026-03-06,False
pitch_01736,FL,2026-02-20,True
pitch_01737,FL,2026-02-20,False
pitch_01738,FL,2026-02-20,False
pitch_01739,FL,2026-02-22,True
pitch_01740,CA,2026-03-02,True
pitch_01741,CA,2026-03-02,False
pitch_01742,CA,2026-04-25,True
pitch_01743,CA,2026-04-25,False
pitch_01744,CA,2026-04-25,False
pitch_01745,CA,2026-04-25,False
pitch_01746,CA,2026-02-19,True
pitch_01747,CA,2026-03-14,True
pitch_01748,CA,2026-03-14,False
pitch_01749,CA,2026-03-14,False
pitch_01750,CA,2026-03-14,False
pitch_01751,CA,2026-03-14,False
pitch_01752,CA,2026-02-24,True
pitch_01753,OH,2026-03-22,True
pitch_01754,OH,2026-03-22,False
pitch_01755,OH,2026-03-22,False
pitch_01756,OH,2026-03-22,False
pitch_01757,OH,2026-03-22,False
pitch_01758,OH,2026-03-22,False
pitch_01759,OH,2026-03-22,False
pitch_01760,OH,2026-03-22,False
pitch_01761,OH,2026-03-22,False
pitch_01762,OH,2026-03-22,False
pitch_01763,OH,2026-03-22,False
pitch_01764,CA,2026-02-12,True
pitch_01765,CA,2026-02-12,False
pitch_01766,CA,2026-02-12,False
pitch_01767,FL,2026-02-20,True
pitch_01768,FL,2026-02-20,False
pitch_01769,FL,2026-02-20,False
pitch_01770,CA,2026-03-10,True
pitch_01771,CA,2026-03-10,False
pitch_01772,CA,2026-03-10,False
pitch_01773,CA,2026-03-10,False
pitch_01774,CA,2026-02-10,True
pitch_01775,CA,2026-02-10,False
pitch_01776,CA,2026-02-10,False
pitch_01777,NC,2026-03-02,True
pitch_01778,NC,2026-03-02,False
pitch_01779,NC,2026-03-02,False
pitch_01780,NC,2026-03-02,False
pitch_01781,NC,2026-03-02,False
pitch_01782,CA,2026-01-30,True
pitch_01783,NY,2026-03-25,True
pitch_01784,FL,2026-04-04,True
pitch_01785,FL,2026-04-04,False
pitch_01786,GA,2026-02-12,True
pitch_01787,CA,2026-02-14,True
pitch_01788,CA,2026-02-14,False
pitch_01789,CA,2026-02-14,False
pitch_01790,CA,2026-02-14,False
pitch_01791,CA,2026-02-14,False
pitch_01792,CA,2026-02-14,False
pitch_01793,CA,2026-02-14,False
pitch_01794,CA,2026-02-14,False
pitch_01795,CA,2026-02-14,False
pitch_01796,CA,2026-02-14,False
pitch_01797,CA,2026-02-14,False
pitch_01798,CA,2026-02-14,False
pitch_01799,CA,2026-02-14,False
pitch_01800,CA,2026-02-14,False
pitch_01801,CA,2026-02-14,False
pitch_01802,CA,2026-03-19,True
pitch_01803,CA,2026-03-19,False
pitch_01804,CA,2026-03-19,False
pitch_01805,CA,2026-03-19,False
pitch_01806,CA,2026-03-19,False
pitch_01807,CA,2026-03-19,False
pitch_01808,TX,2026-01-23,True
pitch_01809,FL,2026-02-28,True
pitch_01810,FL,2026-02-28,False
pitch_01811,CA,2026-04-09,True
pitch_01812,CA,2026-04-09,False
pitch_01813,CA,2026-04-09,False
pitch_01814,CA,2026-04-09,False
pitch_01815,CA,2026-04-09,False
pitch_01816,CA,2026-04-09,False
pitch_01817,CA,2026-04-10,True
pitch_01818,FL,2026-03-22,True
pitch_01819,CA,2026-03-08,True
pitch_01820,CA,2026-03-30,True
pitch_01821,CA,2026-03-30,False
pitch_01822,CA,2026-03-12,True
pitch_01823,TX,2026-03-30,True
pitch_01824,CA,2026-03-04,True
pitch_01825,CA,2026-03-04,False
pitch_01826,CA,2026-03-04,False
pitch_01827,CA,2026-03-04,False
pitch_01828,CA,2026-03-04,False
pitch_01829,CA,2026-03-04,False
pitch_01830,CA,2026-03-04,False
pitch_01831,CA,2026-03-06,True
pitch_01832,CA,2026-03-06,False
pitch_01833,CA,2026-03-06,False
pitch_01834,CA,2026-02-22,True
pitch_01835,CA,2026-02-22,False
pitch_01836,CA,2026-02-22,False
pitch_01837,CA,2026-02-22,False
pitch_01838,CA,2026-02-22,False
pitch_01839,CA,2026-02-22,False
pitch_01840,CA,2026-02-22,False
pitch_01841,CA,2026-02-22,False
pitch_01842,CA,2026-02-22,False
pitch_01843,CA,2026-02-22,False
pitch_01844,CA,2026-02-22,False
pitch_01845,CA,2026-02-22,False
pitch_01846,NY,2026-04-19,True
pitch_01847,CA,2026-02-12,True
pitch_01848,CA,2026-02-12,False
pitch_01849,CA,2026-02-15,True
pitch_01850,CA,2026-02-15,False
pitch_01851,CA,2026-03-03,True
pitch_01852,CA,2026-03-03,False
pitch_01853,CA,2026-03-03,False
pitch_01854,CA,2026-03-03,False
pitch_01855,CA,2026-03-03,False
pitch_01856,CA,2026-03-03,False
pitch_01857,CA,2026-03-03,False
pitch_01858,CA,2026-03-03,False
pitch_01859,CA,2026-03-03,False
pitch_01860,CA,2026-03-03,False
pitch_01861,CA,2026-03-03,False
pitch_01862,CA,2026-03-03,False
pitch_01863,CA,2026-03-03,False
pitch_01864,CA,2026-03-03,False
pitch_01865,CA,2026-03-03,False
pitch_01866,CA,2026-03-03,False
pitch_01867,CA,2026-03-03,False
pitch_01868,CA,2026-03-03,False
pitch_01869,CA,2026-04-12,True
pitch_01870,CA,2026-04-12,False
pitch_01871,CA,2026-04-12,False
pitch_01872,CA,2026-04-12,False
pitch_01873,TX,2026-02-15,True
pitch_01874,TX,2026-02-15,False
pitch_01875,TX,2026-02-15,False
pitch_01876,TX,2026-02-15,False
pitch_01877,TX,2026-02-15,False
pitch_01878,CA,2026-03-31,True
pitch_01879,CA,2026-03-31,False
pitch_01880,CA,2026-03-30,True
pitch_01881,CA,2026-03-30,False
pitch_01882,CA,2026-03-30,False
pitch_01883,IL,2026-03-12,True
pitch_01884,IL,2026-03-12,False
pitch_01885,CA,2026-02-18,True
pitch_01886,CA,2026-02-18,False
pitch_01887,TX,2026-02-24,True
pitch_01888,FL,2026-03-04,True
pitch_01889,CA,2026-02-24,True
pitch_01890,CA,2026-03-29,True
pitch_01891,CA,2026-03-29,False
pitch_01892,CA,2026-03-29,False
pitch_01893,CA,2026-03-29,False
pitch_01894,CA,2026-03-29,False
pitch_01895,CA,2026-03-29,False
pitch_01896,CA,2026-03-29,False
pitch_01897,CA,2026-03-29,False
pitch_01898,CA,2026-03-29,False
pitch_01899,CA,2026-03-29,False
pitch_01900,CA,2026-03-29,False
pitch_01901,FL,2026-03-29,True
pitch_01902,FL,2026-03-29,False
pitch_01903,FL,2026-03-29,False
pitch_01904,FL,2026-03-29,False
pitch_01905,FL,2026-03-29,False
pitch_01906,FL,2026-03-29,False
pitch_01907,FL,2026-03-02,True
pitch_01908,FL,2026-03-02,False
pitch_01909,FL,2026-03-02,False
pitch_01910,CA,2026-03-14,True
pitch_01911,CA,2026-03-14,False
pitch_01912,CA,2026-03-14,False
pitch_01913,CA,2026-03-14,False
pitch_01914,CA,2026-03-14,False
pitch_01915,CA,2026-03-14,False
pitch_01916,CA,2026-03-14,False
pitch_01917,CA,2026-03-14,False
pitch_01918,CA,2026-03-14,False
pitch_01919,CA,2026-03-14,False
pitch_01920,CA,2026-03-14,False
pitch_01921,CA,2026-03-14,False
pitch_01922,CA,2026-03-14,False
pitch_01923,CA,2026-03-14,False
pitch_01924,CA,2026-03-14,False
pitch_01925,CA,2026-03-14,False
pitch_01926,CA,2026-03-14,False
pitch_01927,CA,2026-03-14,False
pitch_01928,CA,2026-03-14,False
pitch_01929,TX,2026-02-05,True
pitch_01930,TX,2026-02-05,False
pitch_01931,TX,2026-02-05,False
pitch_01932,TX,2026-03-17,True
pitch_01933,TX,2026-03-17,False
pitch_01934,TX,2026-03-17,False
pitch_01935,TX,2026-03-17,False
pitch_01936,TX,2026-03-17,False
pitch_01937,TX,2026-03-17,False
pitch_01938,CA,2026-01-25,True
pitch_01939,OH,2026-03-07,True
pitch_01940,OH,2026-03-07,False
pitch_01941,OH,2026-03-07,False
pitch_01942,OH,2026-03-07,False
pitch_01943,OH,2026-03-07,False
pitch_01944,OH,2026-03-07,False
pitch_01945,CA,2026-03-14,True
pitch_01946,CA,2026-03-14,False
pitch_01947,TX,2026-02-04,True
pitch_01948,TX,2026-02-04,False
pitch_01949,TX,2026-02-04,False
pitch_01950,CA,2026-03-07,True
pitch_01951,CA,2026-03-07,False
pitch_01952,CA,2026-03-07,False
pitch_01953,CA,2026-03-07,False
pitch_01954,NY,2026-02-24,True
pitch_01955,CA,2026-03-24,True
pitch_01956,CA,2026-03-24,False
pitch_01957,CA,2026-03-24,False
pitch_01958,CA,2026-03-24,False
pitch_01959,CA,2026-03-24,False
pitch_01960,CA,2026-03-24,False
pitch_01961,CA,2026-03-24,False
pitch_01962,CA,2026-01-17,True
pitch_01963,CA,2026-01-17,False
pitch_01964,CA,2026-01-17,False
pitch_01965,CA,2026-01-17,False
pitch_01966,CA,2026-01-17,False
pitch_01967,CA,2026-01-17,False
pitch_01968,CA,2026-01-17,False
pitch_01969,CA,2026-01-17,False
pitch_01970,CA,2026-03-22,True
pitch_01971,CA,2026-03-22,False
pitch_01972,CA,2026-03-22,False
pitch_01973,CA,2026-03-22,False
pitch_01974,PA,2026-02-20,True
pitch_01975,PA,2026-02-20,False
pitch_01976,PA,2026-02-20,False
pitch_01977,CA,2026-04-23,True
pitch_01978,CA,2026-04-23,False
pitch_01979,CA,2026-04-23,False
pitch_01980,CA,2026-04-23,False
pitch_01981,CA,2026-04-23,False
pitch_01982,CA,2026-04-23,False
pitch_01983,TX,2026-01-23,True
pitch_01984,TX,2026-01-23,False
pitch_01985,TX,2026-01-23,False
pitch_01986,CA,2026-03-02,True
pitch_01987,CA,2026-03-02,False
pitch_01988,CA,2026-03-02,False
pitch_01989,CA,2026-03-02,False
pitch_01990,CA,2026-03-02,False
pitch_01991,CA,2026-03-02,False
pitch_01992,CA,2026-03-02,False
pitch_01993,CA,2026-03-02,False
pitch_01994,CA,2026-03-02,False
pitch_01995,CA,2026-03-02,False
pitch_01996,CA,2026-03-02,False
pitch_01997,CA,2026-03-02,False
pitch_01998,NY,2026-03-08,True
pitch_01999,NY,2026-03-08,False
pitch_02000,NY,2026-03-08,False
pitch_02001,TX,2026-01-15,True
pitch_02002,CA,2026-03-03,True
pitch_02003,CA,2026-03-03,False
pitch_02004,CA,2026-04-22,True
pitch_02005,CA,2026-04-22,False
pitch_02006,CA,2026-04-22,False
pitch_02007,CA,2026-04-22,False
pitch_02008,CA,2026-04-22,False
pitch_02009,CA,2026-04-22,False
pitch_02010,GA,2026-03-04,True
pitch_02011,GA,2026-03-04,False
pitch_02012,TX,2026-03-06,True
pitch_02013,TX,2026-03-06,False
pitch_02014,NJ,2026-04-19,True
pitch_02015,NJ,2026-04-19,False
pitch_02016,NJ,2026-04-19,False
pitch_02017,NJ,2026-04-19,False
pitch_02018,CA,2026-03-03,True
pitch_02019,CA,2026-03-03,False
pitch_02020,FL,2026-02-20,True
pitch_02021,FL,2026-02-20,False
pitch_02022,CA,2026-02-21,True
pitch_02023,CA,2026-02-21,False
pitch_02024,NY,2026-01-20,True
pitch_02025,CA,2026-02-25,True
pitch_02026,CA,2026-02-25,False
pitch_02027,CA,2026-02-25,False
pitch_02028,CA,2026-02-25,False
pitch_02029,TX,2026-03-19,True
pitch_02030,TX,2026-03-19,False
pitch_02031,TX,2026-03-19,False
pitch_02032,IL,2026-03-10,True
pitch_02033,IL,2026-03-10,False
pitch_02034,IL,2026-03-10,False
pitch_02035,IL,2026-03-10,False
pitch_02036,CA,2026-02-24,True
pitch_02037,CA,2026-02-24,False
pitch_02038,CA,2026-02-24,False
pitch_02039,CA,2026-02-24,False
pitch_02040,CA,2026-02-24,False
pitch_02041,TX,2026-01-23,True
pitch_02042,CA,2026-03-21,True
pitch_02043,CA,2026-03-21,False
pitch_02044,CA,2026-03-21,False
pitch_02045,CA,2026-03-21,False
pitch_02046,CA,2026-03-21,False
pitch_02047,NY,2026-03-18,True
pitch_02048,NC,2026-03-19,True
pitch_02049,GA,2026-02-24,True
pitch_02050,TX,2026-02-12,True
pitch_02051,TX,2026-02-12,False
pitch_02052,CA,2026-04-09,True
pitch_02053,CA,2026-04-09,False
pitch_02054,CA,2026-04-09,False
pitch_02055,CA,2026-04-09,False
pitch_02056,CA,2026-04-09,False
pitch_02057,TX,2026-01-23,True
pitch_02058,CA,2026-02-26,True
pitch_02059,CA,2026-02-26,False
pitch_02060,CA,2026-02-26,False
pitch_02061,CA,2026-02-27,True
pitch_02062,CA,2026-02-24,True
pitch_02063,CA,2026-02-24,False
pitch_02064,CA,2026-03-22,True
pitch_02065,CA,2026-03-22,False
pitch_02066,CA,2026-03-22,False
pitch_02067,OH,2026-03-02,True
pitch_02068,CA,2026-02-02,True
pitch_02069,CA,2026-02-02,False
pitch_02070,CA,2026-02-02,False
pitch_02071,CA,2026-02-02,False
pitch_02072,CA,2026-03-23,True
pitch_02073,CA,2026-03-23,False
pitch_02074,CA,2026-03-23,False
pitch_02075,CA,2026-03-23,False
pitch_02076,CA,2026-03-23,False
pitch_02077,CA,2026-02-02,True
pitch_02078,FL,2026-03-03,True
pitch_02079,FL,2026-03-03,False
pitch_02080,FL,2026-03-01,True
pitch_02081,FL,2026-03-01,False
pitch_02082,FL,2026-03-01,False
pitch_02083,FL,2026-03-01,False
pitch_02084,CA,2026-02-23,True
pitch_02085,CA,2026-02-23,False
pitch_02086,CA,2026-02-23,False
pitch_02087,CA,2026-02-23,False
pitch_02088,CA,2026-02-25,True
pitch_02089,CA,2026-02-25,False
pitch_02090,CA,2026-02-25,False
pitch_02091,CA,2026-02-25,False
pitch_02092,CA,2026-02-25,False
pitch_02093,CA,2026-02-25,False
pitch_02094,CA,2026-02-25,False
pitch_02095,CA,2026-02-25,False
pitch_02096,CA,2026-02-25,False
pitch_02097,CA,2026-02-25,False
pitch_02098,CA,2026-02-25,False
pitch_02099,IL,2026-02-18,True
pitch_02100,IL,2026-02-18,False
pitch_02101,IL,2026-02-18,False
pitch_02102,IL,2026-02-18,False
pitch_02103,IL,2026-02-18,False
pitch_02104,IL,2026-02-18,False
pitch_02105,IL,2026-02-18,False
pitch_02106,IL,2026-02-18,False
pitch_02107,IL,2026-02-18,False
pitch_02108,IL,2026-02-18,False
pitch_02109,TX,2026-03-29,True
pitch_02110,FL,2026-03-07,True
pitch_02111,FL,2026-03-27,True
pitch_02112,FL,2026-03-27,False
pitch_02113,FL,2026-03-27,False
pitch_02114,OH,2026-03-10,True
pitch_02115,OH,2026-03-10,False
pitch_02116,OH,2026-03-10,False
pitch_02117,CA,2026-03-11,True
pitch_02118,CA,2026-03-11,False
pitch_02119,CA,2026-04-04,True
pitch_02120,CA,2026-04-04,False
pitch_02121,CA,2026-04-04,False
pitch_02122,CA,2026-04-04,False
pitch_02123,CA,2026-04-04,False
pitch_02124,CA,2026-04-04,False
pitch_02125,CA,2026-04-04,False
pitch_02126,CA,2026-04-04,False
pitch_02127,CA,2026-04-04,False
pitch_02128,CA,2026-04-04,False
pitch_02129,CA,2026-04-04,False
pitch_02130,CA,2026-04-04,False
pitch_02131,CA,2026-04-04,False
pitch_02132,CA,2026-04-04,False
pitch_02133,CA,2026-04-04,False
pitch_02134,CA,2026-04-04,False
pitch_02135,CA,2026-04-04,False
pitch_02136,CA,2026-04-04,False
pitch_02137,CA,2026-04-04,False
pitch_02138,CA,2026-02-23,True
pitch_02139,CA,2026-02-04,True
pitch_02140,CA,2026-02-04,False
pitch_02141,CA,2026-02-04,False
pitch_02142,CA,2026-02-04,False
pitch_02143,CA,2026-04-01,True
pitch_02144,TX,2026-04-08,True
pitch_02145,TX,2026-04-08,False
pitch_02146,TX,2026-04-08,False
pitch_02147,CA,2026-02-05,True
pitch_02148,CA,2026-03-03,True
pitch_02149,CA,2026-03-03,False
pitch_02150,CA,2026-03-03,False
pitch_02151,CA,2026-03-03,False
pitch_02152,CA,2026-03-03,False
pitch_02153,CA,2026-03-03,False
pitch_02154,CA,2026-03-03,False
pitch_02155,CA,2026-03-03,False
pitch_02156,CA,2026-03-03,False
pitch_02157,CA,2026-03-03,False
pitch_02158,CA,2026-03-03,False
pitch_02159,CA,2026-03-03,False
pitch_02160,CA,2026-03-03,False
pitch_02161,CA,2026-03-03,False
pitch_02162,CA,2026-02-18,True
pitch_02163,FL,2026-01-29,True
pitch_02164,FL,2026-01-29,False
pitch_02165,CA,2026-03-15,True
pitch_02166,CA,2026-03-21,True
pitch_02167,CA,2026-03-21,False
pitch_02168,CA,2026-03-21,False
pitch_02169,CA,2026-03-21,False
pitch_02170,CA,2026-03-21,False
pitch_02171,CA,2026-03-21,False
pitch_02172,CA,2026-03-21,False
pitch_02173,CA,2026-03-21,False
pitch_02174,CA,2026-04-02,True
pitch_02175,CA,2026-04-02,False
pitch_02176,CA,2026-04-02,False
pitch_02177,CA,2026-04-02,False
pitch_02178,CA,2026-04-02,False
pitch_02179,CA,2026-04-02,False
pitch_02180,CA,2026-04-02,False
pitch_02181,CA,2026-04-02,False
pitch_02182,CA,2026-04-02,False
pitch_02183,CA,2026-02-23,True
pitch_02184,CA,2026-02-23,False
pitch_02185,CA,2026-02-23,False
pitch_02186,CA,2026-02-23,False
pitch_02187,CA,2026-02-23,False
pitch_02188,CA,2026-02-23,False
pitch_02189,CA,2026-02-23,False
pitch_02190,CA,2026-02-14,True
pitch_02191,CA,2026-02-14,False
pitch_02192,NY,2026-02-19,True
pitch_02193,NY,2026-02-19,False
pitch_02194,TX,2026-02-24,True
pitch_02195,TX,2026-02-24,False
pitch_02196,TX,2026-02-24,False
pitch_02197,CA,2026-03-23,True
pitch_02198,CA,2026-03-07,True
pitch_02199,CA,2026-03-07,False
pitch_02200,CA,2026-03-07,False
pitch_02201,OH,2026-04-06,True
pitch_02202,OH,2026-04-06,False
pitch_02203,OH,2026-04-06,False
pitch_02204,OH,2026-04-06,False
pitch_02205,OH,2026-04-06,False
pitch_02206,CA,2026-01-27,True
pitch_02207,CA,2026-03-01,True
pitch_02208,CA,2026-03-01,False
pitch_02209,CA,2026-03-01,False
pitch_02210,CA,2026-03-01,False
pitch_02211,CA,2026-03-01,False
pitch_02212,CA,2026-03-01,False
pitch_02213,CA,2026-03-01,False
pitch_02214,CA,2026-03-01,False
pitch_02215,CA,2026-03-01,False
pitch_02216,CA,2026-03-01,False
pitch_02217,CA,2026-03-01,False
pitch_02218,CA,2026-03-01,False
pitch_02219,CA,2026-03-01,False
pitch_02220,CA,2026-03-01,False
pitch_02221,CA,2026-03-01,False
pitch_02222,GA,2026-04-25,True
pitch_02223,GA,2026-04-25,False
pitch_02224,GA,2026-04-25,False
pitch_02225,GA,2026-04-25,False
pitch_02226,GA,2026-04-25,False
pitch_02227,GA,2026-04-25,False
pitch_02228,GA,2026-04-25,False
pitch_02229,GA,2026-04-25,False
pitch_02230,GA,2026-04-25,False
pitch_02231,PA,2026-02-06,True
pitch_02232,PA,2026-02-06,False
pitch_02233,PA,2026-02-06,False
pitch_02234,IL,2026-03-21,True
pitch_02235,IL,2026-03-21,False
pitch_02236,IL,2026-03-21,False
pitch_02237,FL,2026-03-13,True
pitch_02238,FL,2026-03-13,False
pitch_02239,FL,2026-03-13,False
pitch_02240,FL,2026-03-13,False
pitch_02241,CA,2026-03-12,True
pitch_02242,CA,2026-03-12,False
pitch_02243,CA,2026-03-12,False
pitch_02244,TX,2026-03-01,True
pitch_02245,CA,2026-03-18,True
pitch_02246,CA,2026-03-18,False
pitch_02247,CA,2026-03-18,False
pitch_02248,CA,2026-03-18,False
pitch_02249,CA,2026-02-14,True
pitch_02250,CA,2026-02-14,False
pitch_02251,CA,2026-02-14,False
pitch_02252,CA,2026-02-14,False
pitch_02253,TX,2026-02-22,True
pitch_02254,CA,2026-01-24,True
pitch_02255,CA,2026-03-04,True
pitch_02256,CA,2026-03-04,False
pitch_02257,CA,2026-03-05,True
pitch_02258,CA,2026-03-05,False
pitch_02259,CA,2026-04-05,True
pitch_02260,CA,2026-04-05,False
pitch_02261,GA,2026-04-30,True
pitch_02262,CA,2026-02-12,True
pitch_02263,CA,2026-02-12,False
pitch_02264,CA,2026-02-12,False
pitch_02265,CA,2026-03-22,True
pitch_02266,CA,2026-01-29,True
pitch_02267,CA,2026-01-29,False
pitch_02268,FL,2026-03-05,True
pitch_02269,FL,2026-03-05,False
pitch_02270,FL,2026-03-05,False
pitch_02271,FL,2026-03-05,False
pitch_02272,FL,2026-03-05,False
pitch_02273,CA,2026-03-28,True
pitch_02274,CA,2026-03-28,False
pitch_02275,CA,2026-03-28,False
pitch_02276,CA,2026-02-26,True
pitch_02277,CA,2026-02-26,False
pitch_02278,CA,2026-02-26,False
pitch_02279,CA,2026-02-26,False
pitch_02280,CA,2026-02-26,False
pitch_02281,CA,2026-02-26,False
pitch_02282,CA,2026-02-26,False
pitch_02283,CA,2026-02-26,False
pitch_02284,CA,2026-02-26,False
pitch_02285,OH,2026-02-21,True
pitch_02286,NY,2026-03-19,True
pitch_02287,FL,2026-01-29,True
pitch_02288,FL,2026-01-29,False
pitch_02289,FL,2026-01-29,False
pitch_02290,GA,2026-02-01,True
pitch_02291,GA,2026-02-01,False
pitch_02292,CA,2026-03-30,True
pitch_02293,CA,2026-03-01,True
pitch_02294,NC,2026-04-26,True
pitch_02295,NC,2026-04-26,False
pitch_02296,NY,2026-03-28,True
pitch_02297,CA,2026-03-07,True
pitch_02298,FL,2026-03-03,True
pitch_02299,FL,2026-03-03,False
pitch_02300,FL,2026-03-03,False
pitch_02301,FL,2026-03-03,False
pitch_02302,CA,2026-03-17,True
pitch_02303,CA,2026-03-17,False
pitch_02304,CA,2026-03-17,False
pitch_02305,CA,2026-04-25,True
pitch_02306,CA,2026-04-25,False
pitch_02307,CA,2026-04-25,False
pitch_02308,CA,2026-04-25,False
pitch_02309,CA,2026-04-25,False
pitch_02310,CA,2026-04-25,False
pitch_02311,CA,2026-04-25,False
pitch_02312,CA,2026-04-25,False
pitch_02313,CA,2026-03-11,True
pitch_02314,CA,2026-03-11,False
pitch_02315,CA,2026-03-11,False
pitch_02316,FL,2026-03-22,True
pitch_02317,FL,2026-03-22,False
pitch_02318,CA,2026-02-25,True
pitch_02319,CA,2026-02-25,False
pitch_02320,CA,2026-02-25,False
pitch_02321,CA,2026-02-25,False
pitch_02322,CA,2026-02-25,False
pitch_02323,CA,2026-02-25,False
pitch_02324,CA,2026-02-18,True
pitch_02325,CA,2026-02-18,False
pitch_02326,CA,2026-02-18,False
pitch_02327,CA,2026-02-18,False
pitch_02328,CA,2026-02-18,False
pitch_02329,CA,2026-02-18,False
pitch_02330,CA,2026-02-18,False
pitch_02331,CA,2026-02-18,False
pitch_02332,CA,2026-02-18,False
pitch_02333,TX,2026-02-13,True
pitch_02334,FL,2026-02-06,True
pitch_02335,FL,2026-02-06,False
pitch_02336,FL,2026-02-06,False
pitch_02337,FL,2026-02-06,False
pitch_02338,FL,2026-02-06,False
pitch_02339,CA,2026-03-11,True
pitch_02340,CA,2026-03-25,True
pitch_02341,CA,2026-03-25,False
pitch_02342,CA,2026-03-25,False
pitch_02343,CA,2026-03-25,False
pitch_02344,CA,2026-03-25,False
pitch_02345,CA,2026-03-25,False
pitch_02346,CA,2026-03-25,False
pitch_02347,CA,2026-03-25,False
pitch_02348,CA,2026-03-25,False
pitch_02349,CA,2026-03-25,False
pitch_02350,CA,2026-03-25,False
pitch_02351,CA,2026-03-25,False
pitch_02352,CA,2026-03-25,False
pitch_02353,CA,2026-03-25,False
pitch_02354,CA,2026-03-25,False
pitch_02355,CA,2026-03-25,False
pitch_02356,CA,2026-03-25,False
pitch_02357,CA,2026-03-25,False
pitch_02358,CA,2026-03-25,False
pitch_02359,CA,2026-02-23,True
pitch_02360,CA,2026-02-23,False
pitch_02361,CA,2026-02-23,False
pitch_02362,CA,2026-02-23,False
pitch_02363,CA,2026-02-23,False
pitch_02364,CA,2026-02-23,False
pitch_02365,CA,2026-04-10,True
pitch_02366,CA,2026-04-10,False
pitch_02367,CA,2026-04-10,False
pitch_02368,NC,2026-03-16,True
pitch_02369,NC,2026-03-16,False
pitch_02370,NC,2026-03-16,False
pitch_02371,NC,2026-03-16,False
pitch_02372,CA,2026-03-05,True
pitch_02373,CA,2026-03-05,False
pitch_02374,CA,2026-03-05,False
pitch_02375,CA,2026-03-05,False
pitch_02376,CA,2026-03-05,False
pitch_02377,CA,2026-03-05,False
pitch_02378,CA,2026-03-05,False
pitch_02379,CA,2026-03-05,False
pitch_02380,CA,2026-02-17,True
pitch_02381,NC,2026-04-10,True
pitch_02382,GA,2026-02-14,True
pitch_02383,GA,2026-02-14,False
pitch_02384,GA,2026-02-14,False
pitch_02385,GA,2026-02-14,False
pitch_02386,GA,2026-02-14,False
pitch_02387,FL,2026-03-19,True
pitch_02388,FL,2026-03-19,False
pitch_02389,FL,2026-03-17,True
pitch_02390,CA,2026-03-13,True
pitch_02391,CA,2026-03-13,False
pitch_02392,CA,2026-03-13,False
pitch_02393,CA,2026-03-13,False
pitch_02394,CA,2026-03-13,False
pitch_02395,CA,2026-03-13,False
pitch_02396,CA,2026-03-28,True
pitch_02397,CA,2026-03-28,False
pitch_02398,CA,2026-03-28,False
pitch_02399,NC,2026-03-19,True
pitch_02400,NC,2026-03-19,False
pitch_02401,CA,2026-02-23,True
pitch_02402,CA,2026-02-23,False
pitch_02403,CA,2026-02-23,False
pitch_02404,CA,2026-02-23,False
pitch_02405,CA,2026-02-23,False
pitch_02406,CA,2026-02-23,False
pitch_02407,CA,2026-02-23,False
pitch_02408,CA,2026-02-23,False
pitch_02409,CA,2026-02-23,False
pitch_02410,CA,2026-02-23,False
pitch_02411,CA,2026-02-23,False
pitch_02412,CA,2026-02-23,False
pitch_02413,CA,2026-02-23,False
pitch_02414,CA,2026-02-23,False
pitch_02415,NC,2026-03-15,True
pitch_02416,NC,2026-03-15,False
pitch_02417,NC,2026-03-15,False
pitch_02418,NC,2026-03-15,False
pitch_02419,NC,2026-03-15,False
pitch_02420,CA,2026-02-14,True
pitch_02421,CA,2026-03-08,True
pitch_02422,CA,2026-01-25,True
pitch_02423,CA,2026-01-25,False
pitch_02424,CA,2026-01-25,False
pitch_02425,CA,2026-01-25,False
pitch_02426,CA,2026-01-25,False
pitch_02427,CA,2026-01-25,False
pitch_02428,CA,2026-03-10,True
pitch_02429,CA,2026-03-10,False
pitch_02430,CA,2026-03-10,False
pitch_02431,CA,2026-03-10,False
pitch_02432,CA,2026-03-10,False
pitch_02433,CA,2026-03-10,False
pitch_02434,CA,2026-03-10,False
pitch_02435,CA,2026-03-10,False
pitch_02436,CA,2026-03-10,False
pitch_02437,CA,2026-03-10,False
pitch_02438,CA,2026-03-10,False
pitch_02439,CA,2026-03-10,False
pitch_02440,CA,2026-03-10,False
pitch_02441,CA,2026-03-10,False
pitch_02442,FL,2026-03-15,True
pitch_02443,FL,2026-03-15,False
pitch_02444,FL,2026-03-24,True
pitch_02445,FL,2026-03-24,False
pitch_02446,FL,2026-03-24,False
pitch_02447,FL,2026-03-24,False
pitch_02448,FL,2026-03-24,False
pitch_02449,FL,2026-03-24,False
pitch_02450,FL,2026-03-12,True
pitch_02451,CA,2026-02-16,True
pitch_02452,CA,2026-02-16,False
pitch_02453,CA,2026-02-16,False
pitch_02454,CA,2026-02-16,False
pitch_02455,CA,2026-02-16,False
pitch_02456,CA,2026-02-16,False
pitch_02457,CA,2026-02-24,True
pitch_02458,VA,2026-03-19,True
pitch_02459,CA,2026-01-25,True
pitch_02460,CA,2026-01-25,False
pitch_02461,CA,2026-01-25,False
pitch_02462,CA,2026-01-25,False
pitch_02463,CA,2026-01-25,False
pitch_02464,OH,2026-02-13,True
pitch_02465,OH,2026-02-13,False
pitch_02466,OH,2026-02-26,True
pitch_02467,OH,2026-02-26,False
pitch_02468,OH,2026-02-26,False
pitch_02469,OH,2026-02-26,False
pitch_02470,OH,2026-02-26,False
pitch_02471,OH,2026-04-12,True
pitch_02472,OH,2026-04-12,False
pitch_02473,OH,2026-04-12,False
pitch_02474,CA,2026-02-17,True
pitch_02475,CA,2026-02-17,False
pitch_02476,FL,2026-02-04,True
pitch_02477,FL,2026-02-04,False
pitch_02478,FL,2026-02-04,False
pitch_02479,FL,2026-02-04,False
pitch_02480,FL,2026-02-04,False
pitch_02481,FL,2026-02-04,False
pitch_02482,FL,2026-02-04,False
pitch_02483,FL,2026-02-04,False
pitch_02484,FL,2026-02-04,False
pitch_02485,FL,2026-02-04,False
pitch_02486,FL,2026-02-04,False
pitch_02487,FL,2026-03-27,True
pitch_02488,FL,2026-03-27,False
pitch_02489,CA,2026-03-23,True
pitch_02490,CA,2026-03-23,False
pitch_02491,CA,2026-03-23,False
pitch_02492,CA,2026-03-23,False
pitch_02493,CA,2026-03-23,False
pitch_02494,CA,2026-04-16,True
pitch_02495,CA,2026-04-16,False
pitch_02496,TX,2026-04-03,True
pitch_02497,TX,2026-04-03,False
pitch_02498,NY,2026-03-17,True
pitch_02499,NY,2026-03-17,False
pitch_02500,TX,2026-04-14,True
pitch_02501,TX,2026-04-14,False
pitch_02502,CA,2026-04-12,True
pitch_02503,CA,2026-04-12,False
pitch_02504,CA,2026-03-14,True
pitch_02505,CA,2026-03-14,False
pitch_02506,CA,2026-03-14,False
pitch_02507,CA,2026-03-14,False
pitch_02508,CA,2026-03-29,True
pitch_02509,CA,2026-03-29,False
pitch_02510,CA,2026-03-29,False
pitch_02511,CA,2026-03-29,False
pitch_02512,CA,2026-03-29,False
pitch_02513,CA,2026-03-29,False
pitch_02514,GA,2026-03-08,True
pitch_02515,CA,2026-02-15,True
pitch_02516,CA,2026-02-15,False
pitch_02517,CA,2026-02-15,False
pitch_02518,NC,2026-03-09,True
pitch_02519,CA,2026-04-07,True
pitch_02520,CA,2026-04-07,False
pitch_02521,CA,2026-04-07,False
pitch_02522,CA,2026-04-07,False
pitch_02523,CA,2026-04-07,False
pitch_02524,CA,2026-04-07,False
pitch_02525,CA,2026-04-07,False
pitch_02526,CA,2026-04-07,False
pitch_02527,PA,2026-04-05,True
pitch_02528,TX,2026-03-13,True
pitch_02529,TX,2026-03-13,False
pitch_02530,TX,2026-03-24,True
pitch_02531,MI,2026-03-06,True
pitch_02532,FL,2026-03-02,True
pitch_02533,FL,2026-03-02,False
pitch_02534,FL,2026-03-02,False
pitch_02535,CA,2026-02-26,True
pitch_02536,CA,2026-02-26,False
pitch_02537,CA,2026-02-26,False
pitch_02538,CA,2026-02-26,False
pitch_02539,CA,2026-02-26,False
pitch_02540,CA,2026-02-26,False
pitch_02541,CA,2026-02-26,False
pitch_02542,CA,2026-02-26,False
pitch_02543,CA,2026-02-26,False
pitch_02544,CA,2026-04-19,True
pitch_02545,CA,2026-04-19,False
pitch_02546,CA,2026-04-19,False
pitch_02547,CA,2026-04-19,False
pitch_02548,CA,2026-04-19,False
pitch_02549,FL,2026-02-11,True
pitch_02550,CA,2026-03-08,True
pitch_02551,CA,2026-03-08,False
pitch_02552,CA,2026-03-08,False
pitch_02553,CA,2026-03-08,False
pitch_02554,CA,2026-03-08,False
pitch_02555,CA,2026-03-08,False
pitch_02556,CA,2026-03-08,False
pitch_02557,CA,2026-03-08,False
pitch_02558,CA,2026-03-08,False
pitch_02559,CA,2026-03-08,False
pitch_02560,CA,2026-03-14,True
pitch_02561,CA,2026-03-14,False
pitch_02562,CA,2026-03-17,True
pitch_02563,CA,2026-03-17,False
pitch_02564,FL,2026-01-20,True
pitch_02565,FL,2026-01-20,False
pitch_02566,FL,2026-01-20,False
pitch_02567,FL,2026-01-20,False
pitch_02568,FL,2026-01-20,False
pitch_02569,OH,2026-03-21,True
pitch_02570,OH,2026-03-21,False
pitch_02571,CA,2026-03-12,True
pitch_02572,CA,2026-03-12,False
pitch_02573,CA,2026-03-12,False
pitch_02574,TX,2026-02-27,True
pitch_02575,TX,2026-02-27,False
pitch_02576,TX,2026-02-27,False
pitch_02577,TX,2026-02-27,False
pitch_02578,TX,2026-02-27,False
pitch_02579,CA,2026-02-03,True
pitch_02580,CA,2026-02-03,False
pitch_02581,CA,2026-02-03,False
pitch_02582,CA,2026-02-03,False
pitch_02583,CA,2026-02-03,False
pitch_02584,CA,2026-02-03,False
pitch_02585,FL,2026-03-31,True
pitch_02586,TX,2026-03-02,True
pitch_02587,TX,2026-03-02,False
pitch_02588,TX,2026-03-02,False
pitch_02589,TX,2026-03-03,True
pitch_02590,TX,2026-03-03,False
pitch_02591,TX,2026-03-03,False
pitch_02592,OH,2026-02-01,True
pitch_02593,TX,2026-02-28,True
pitch_02594,TX,2026-02-28,False
pitch_02595,FL,2026-01-20,True
pitch_02596,CA,2026-03-05,True
pitch_02597,CA,2026-03-05,False
pitch_02598,CA,2026-03-05,False
pitch_02599,CA,2026-03-05,False
pitch_02600,CA,2026-03-23,True
pitch_02601,CA,2026-03-23,False
pitch_02602,CA,2026-03-23,False
pitch_02603,CA,2026-03-23,False
pitch_02604,CA,2026-03-23,False
pitch_02605,NY,2026-04-02,True
pitch_02606,NY,2026-04-02,False
pitch_02607,NY,2026-04-02,False
pitch_02608,CA,2026-02-16,True
pitch_02609,CA,2026-02-16,False
pitch_02610,NY,2026-03-07,True
pitch_02611,CA,2026-02-21,True
pitch_02612,TX,2026-04-03,True
pitch_02613,TX,2026-04-03,False
pitch_02614,TX,2026-04-03,False
pitch_02615,TX,2026-04-03,False
pitch_02616,TX,2026-04-09,True
pitch_02617,TX,2026-04-09,False
pitch_02618,TX,2026-04-09,False
pitch_02619,TX,2026-04-09,False
pitch_02620,TX,2026-04-09,False
pitch_02621,TX,2026-04-09,False
pitch_02622,TX,2026-04-09,False
pitch_02623,TX,2026-04-09,False
pitch_02624,TX,2026-04-09,False
pitch_02625,CA,2026-02-27,True
pitch_02626,CA,2026-02-27,False
pitch_02627,CA,2026-02-27,False
pitch_02628,CA,2026-02-27,False
pitch_02629,CA,2026-02-27,False
pitch_02630,CA,2026-02-27,False
pitch_02631,PA,2026-02-27,True
pitch_02632,CA,2026-03-26,True
pitch_02633,CA,2026-03-26,False
pitch_02634,CA,2026-03-26,False
pitch_02635,CA,2026-03-26,False
pitch_02636,CA,2026-03-26,False
pitch_02637,CA,2026-03-26,False
pitch_02638,OH,2026-03-10,True
pitch_02639,OH,2026-03-10,False
pitch_02640,CA,2026-03-04,True
pitch_02641,CA,2026-03-04,False
pitch_02642,CA,2026-03-04,False
pitch_02643,CA,2026-03-04,False
pitch_02644,NY,2026-03-02,True
pitch_02645,NY,2026-03-02,False
pitch_02646,NY,2026-03-02,False
pitch_02647,NY,2026-03-02,False
pitch_02648,NY,2026-03-02,False
pitch_02649,CA,2026-03-06,True
pitch_02650,CA,2026-03-06,False
pitch_02651,TX,2026-03-04,True
pitch_02652,TX,2026-03-04,False
pitch_02653,TX,2026-03-04,False
pitch_02654,TX,2026-03-04,False
pitch_02655,TX,2026-03-04,False
pitch_02656,TX,2026-03-04,False
pitch_02657,CA,2026-02-24,True
pitch_02658,CA,2026-02-24,False
pitch_02659,OH,2026-02-09,True
pitch_02660,OH,2026-02-09,False
pitch_02661,FL,2026-03-16,True
pitch_02662,NY,2026-03-26,True
pitch_02663,NY,2026-03-26,False
pitch_02664,NJ,2026-03-04,True
pitch_02665,FL,2026-04-04,True
pitch_02666,FL,2026-04-04,False
pitch_02667,NY,2026-02-08,True
pitch_02668,CA,2026-02-16,True
pitch_02669,CA,2026-02-16,False
pitch_02670,CA,2026-02-16,False
pitch_02671,CA,2026-02-16,False
pitch_02672,CA,2026-02-16,False
pitch_02673,OH,2026-03-06,True
pitch_02674,OH,2026-03-06,False
pitch_02675,OH,2026-03-06,False
pitch_02676,OH,2026-03-06,False
pitch_02677,OH,2026-01-13,True
pitch_02678,FL,2026-03-09,True
pitch_02679,CA,2026-02-08,True
pitch_02680,CA,2026-02-08,False
pitch_02681,OH,2026-02-21,True
pitch_02682,OH,2026-02-21,False
pitch_02683,OH,2026-02-21,False
pitch_02684,OH,2026-02-12,True
pitch_02685,NC,2026-02-02,True
pitch_02686,NC,2026-02-02,False
pitch_02687,NC,2026-02-02,False
pitch_02688,NC,2026-02-02,False
pitch_02689,NC,2026-02-02,False
pitch_02690,MI,2026-03-29,True
pitch_02691,MI,2026-03-29,False
pitch_02692,CA,2026-03-22,True
pitch_02693,CA,2026-03-22,False
pitch_02694,CA,2026-03-22,False
pitch_02695,CA,2026-03-22,False
pitch_02696,CA,2026-03-22,False
pitch_02697,CA,2026-03-22,False
pitch_02698,CA,2026-03-22,False
pitch_02699,CA,2026-03-22,False
pitch_02700,CA,2026-03-22,False
pitch_02701,NY,2026-03-24,True
pitch_02702,NY,2026-03-24,False
pitch_02703,NY,2026-03-24,False
pitch_02704,NY,2026-02-14,True
pitch_02705,CA,2026-03-07,True
pitch_02706,CA,2026-03-07,False
pitch_02707,CA,2026-03-07,False
pitch_02708,TX,2026-03-15,True
pitch_02709,OH,2026-01-30,True
pitch_02710,OH,2026-01-30,False
pitch_02711,OH,2026-01-30,False
pitch_02712,OH,2026-01-30,False
pitch_02713,OH,2026-01-30,False
pitch_02714,TX,2026-03-02,True
pitch_02715,TX,2026-03-02,False
pitch_02716,TX,2026-03-02,False
pitch_02717,TX,2026-03-02,False
pitch_02718,TX,2026-02-10,True
pitch_02719,FL,2026-03-25,True
pitch_02720,CA,2026-02-25,True
pitch_02721,CA,2026-02-25,False
pitch_02722,CA,2026-03-06,True
pitch_02723,CA,2026-03-06,False
pitch_02724,CA,2026-03-06,False
pitch_02725,CA,2026-03-06,False
pitch_02726,CA,2026-03-06,False
pitch_02727,CA,2026-03-06,False
pitch_02728,CA,2026-03-06,False
pitch_02729,CA,2026-03-06,False
pitch_02730,CA,2026-03-14,True
pitch_02731,CA,2026-03-14,False
pitch_02732,CA,2026-03-14,False
pitch_02733,CA,2026-03-14,False
pitch_02734,NY,2026-02-25,True
pitch_02735,FL,2026-02-15,True
pitch_02736,FL,2026-02-15,False
pitch_02737,FL,2026-02-15,False
pitch_02738,FL,2026-02-15,False
pitch_02739,CA,2026-03-17,True
pitch_02740,CA,2026-03-17,False
pitch_02741,CA,2026-03-17,False
pitch_02742,CA,2026-03-17,False
pitch_02743,TX,2026-02-25,True
pitch_02744,PA,2026-05-02,True
pitch_02745,CA,2026-03-05,True
pitch_02746,CA,2026-03-05,False
pitch_02747,CA,2026-03-05,False
pitch_02748,CA,2026-03-05,False
pitch_02749,CA,2026-03-05,False
pitch_02750,CA,2026-03-05,False
pitch_02751,CA,2026-03-05,False
pitch_02752,CA,2026-03-05,False
pitch_02753,CA,2026-03-05,False
pitch_02754,CA,2026-03-05,False
pitch_02755,CA,2026-03-05,False
pitch_02756,NY,2026-01-28,True
pitch_02757,TX,2026-03-11,True
pitch_02758,TX,2026-03-11,False
pitch_02759,CA,2026-02-06,True
pitch_02760,CA,2026-02-06,False
pitch_02761,CA,2026-02-06,False
pitch_02762,CA,2026-02-06,False
pitch_02763,CA,2026-02-06,False
pitch_02764,CA,2026-02-06,False
pitch_02765,CA,2026-02-06,False
pitch_02766,CA,2026-02-06,False
pitch_02767,FL,2026-02-23,True
pitch_02768,FL,2026-02-23,False
pitch_02769,TX,2026-03-20,True
pitch_02770,CA,2026-02-11,True
pitch_02771,CA,2026-02-11,False
pitch_02772,CA,2026-02-11,False
pitch_02773,CA,2026-02-11,False
pitch_02774,CA,2026-01-24,True
pitch_02775,CA,2026-01-24,False
pitch_02776,CA,2026-01-24,False
pitch_02777,CA,2026-01-24,False
pitch_02778,CA,2026-04-02,True
pitch_02779,CA,2026-04-02,False
pitch_02780,CA,2026-03-17,True
pitch_02781,CA,2026-03-17,False
pitch_02782,CA,2026-03-17,False
pitch_02783,CA,2026-03-17,False
pitch_02784,CA,2026-03-17,False
pitch_02785,CA,2026-03-17,False
pitch_02786,CA,2026-03-17,False
pitch_02787,CA,2026-02-20,True
pitch_02788,CA,2026-02-20,False
pitch_02789,CA,2026-03-11,True
pitch_02790,CA,2026-03-11,False
pitch_02791,CA,2026-03-11,False
pitch_02792,CA,2026-03-02,True
pitch_02793,CA,2026-03-02,False
pitch_02794,CA,2026-03-02,False
pitch_02795,CA,2026-03-02,False
pitch_02796,CA,2026-03-02,False
pitch_02797,FL,2026-04-09,True
pitch_02798,FL,2026-04-09,False
pitch_02799,FL,2026-04-09,False
pitch_02800,FL,2026-04-09,False
pitch_02801,FL,2026-04-09,False
pitch_02802,CA,2026-02-21,True
pitch_02803,CA,2026-02-21,False
pitch_02804,CA,2026-02-21,False
pitch_02805,CA,2026-02-21,False
pitch_02806,CA,2026-02-21,False
pitch_02807,CA,2026-02-21,False
pitch_02808,CA,2026-02-21,False
pitch_02809,CA,2026-02-21,False
pitch_02810,NY,2026-01-26,True
pitch_02811,TX,2026-02-16,True
pitch_02812,TX,2026-02-16,False
pitch_02813,CA,2026-02-19,True
pitch_02814,CA,2026-02-19,False
pitch_02815,CA,2026-02-19,False
pitch_02816,NC,2026-01-24,True
pitch_02817,NC,2026-01-24,False
pitch_02818,CA,2026-03-02,True
pitch_02819,CA,2026-03-02,False
pitch_02820,CA,2026-03-02,False
pitch_02821,CA,2026-03-02,False
pitch_02822,CA,2026-03-02,False
pitch_02823,NY,2026-03-02,True
pitch_02824,TX,2026-02-26,True
pitch_02825,TX,2026-02-26,False
pitch_02826,TX,2026-02-26,False
pitch_02827,TX,2026-02-26,True
pitch_02828,TX,2026-02-26,False
pitch_02829,TX,2026-02-26,False
pitch_02830,TX,2026-02-26,False
pitch_02831,TX,2026-02-26,False
pitch_02832,TX,2026-02-26,False
pitch_02833,TX,2026-02-26,False
pitch_02834,TX,2026-02-26,False
pitch_02835,FL,2026-04-12,True
pitch_02836,FL,2026-04-12,False
pitch_02837,FL,2026-04-12,False
pitch_02838,FL,2026-04-12,False
pitch_02839,CA,2026-03-01,True
pitch_02840,CA,2026-03-01,False
pitch_02841,CA,2026-03-01,False
pitch_02842,CA,2026-03-01,False
pitch_02843,CA,2026-03-01,False
pitch_02844,CA,2026-03-01,False
pitch_02845,CA,2026-02-28,True
pitch_02846,TX,2026-01-22,True
pitch_02847,TX,2026-01-22,False
pitch_02848,CA,2026-02-18,True
pitch_02849,CA,2026-02-18,False
pitch_02850,CA,2026-02-18,False
pitch_02851,CA,2026-02-18,False
pitch_02852,CA,2026-02-05,True
pitch_02853,CA,2026-02-05,False
pitch_02854,CA,2026-02-05,False
pitch_02855,CA,2026-02-05,False
pitch_02856,CA,2026-02-05,False
pitch_02857,PA,2026-02-02,True
pitch_02858,PA,2026-02-02,False
pitch_02859,PA,2026-02-02,False
pitch_02860,MI,2026-02-23,True
pitch_02861,MI,2026-02-23,False
pitch_02862,TX,2026-03-08,True
pitch_02863,TX,2026-03-08,False
pitch_02864,TX,2026-03-08,False
pitch_02865,TX,2026-02-16,True
pitch_02866,TX,2026-02-16,False
pitch_02867,CA,2026-04-25,True
pitch_02868,CA,2026-02-01,True
pitch_02869,CA,2026-02-01,False
pitch_02870,CA,2026-02-01,False
pitch_02871,CA,2026-02-01,False
pitch_02872,CA,2026-02-01,False
pitch_02873,CA,2026-02-01,False
pitch_02874,CA,2026-02-14,True
pitch_02875,CA,2026-02-14,False
pitch_02876,CA,2026-02-14,False
pitch_02877,CA,2026-02-14,False
pitch_02878,CA,2026-02-14,False
pitch_02879,CA,2026-02-14,False
pitch_02880,CA,2026-02-14,False
pitch_02881,TX,2026-02-27,True
pitch_02882,OH,2026-02-09,True
pitch_02883,CA,2026-03-07,True
pitch_02884,CA,2026-03-07,False
pitch_02885,CA,2026-03-07,False
pitch_02886,CA,2026-03-03,True
pitch_02887,CA,2026-03-03,False
pitch_02888,CA,2026-03-03,False
pitch_02889,CA,2026-03-03,False
pitch_02890,CA,2026-03-03,False
pitch_02891,CA,2026-03-03,False
pitch_02892,CA,2026-03-03,False
pitch_02893,CA,2026-03-03,False
pitch_02894,NY,2026-03-18,True
pitch_02895,NY,2026-05-02,True
pitch_02896,NY,2026-05-02,False
pitch_02897,CA,2026-03-17,True
pitch_02898,CA,2026-03-17,False
pitch_02899,CA,2026-03-17,False
pitch_02900,CA,2026-03-17,False
pitch_02901,CA,2026-03-11,True
pitch_02902,TX,2026-02-26,True
pitch_02903,PA,2026-03-09,True
pitch_02904,PA,2026-03-09,False
pitch_02905,NY,2026-02-23,True
pitch_02906,NY,2026-02-23,False
pitch_02907,NY,2026-02-23,False
pitch_02908,CA,2026-02-01,True
pitch_02909,CA,2026-02-01,False
pitch_02910,CA,2026-02-01,False
pitch_02911,CA,2026-02-01,False
pitch_02912,FL,2026-04-25,True
pitch_02913,FL,2026-04-25,False
pitch_02914,FL,2026-04-25,False
pitch_02915,FL,2026-04-25,False
pitch_02916,FL,2026-04-25,False
pitch_02917,CA,2026-02-23,True
pitch_02918,CA,2026-02-23,False
pitch_02919,CA,2026-02-23,False
pitch_02920,CA,2026-02-23,False
pitch_02921,CA,2026-02-23,False
pitch_02922,CA,2026-02-23,False
pitch_02923,CA,2026-02-23,False
pitch_02924,CA,2026-02-23,False
pitch_02925,CA,2026-02-23,False
pitch_02926,CA,2026-02-23,False
pitch_02927,CA,2026-02-23,False
pitch_02928,TX,2026-02-24,True
pitch_02929,TX,2026-02-24,False
pitch_02930,TX,2026-02-24,False
pitch_02931,TX,2026-04-19,True
pitch_02932,CA,2026-03-11,True
pitch_02933,CA,2026-03-11,False
pitch_02934,TX,2026-03-08,True
pitch_02935,TX,2026-03-08,False
pitch_02936,CA,2026-03-04,True
pitch_02937,CA,2026-03-04,False
pitch_02938,CA,2026-03-04,False
pitch_02939,CA,2026-03-04,False
pitch_02940,CA,2026-03-14,True
pitch_02941,CA,2026-03-14,False
pitch_02942,CA,2026-03-14,False
pitch_02943,CA,2026-03-15,True
pitch_02944,CA,2026-03-15,False
pitch_02945,CA,2026-03-15,False
pitch_02946,CA,2026-03-15,False
pitch_02947,CA,2026-03-15,False
pitch_02948,CA,2026-03-15,False
pitch_02949,CA,2026-03-15,False
pitch_02950,CA,2026-03-15,False
pitch_02951,CA,2026-03-15,False
pitch_02952,CA,2026-03-19,True
pitch_02953,CA,2026-03-19,False
pitch_02954,CA,2026-03-19,False
pitch_02955,CA,2026-03-19,False
pitch_02956,CA,2026-03-19,False
pitch_02957,CA,2026-03-12,True
pitch_02958,CA,2026-03-12,True
pitch_02959,CA,2026-03-12,False
pitch_02960,CA,2026-03-12,False
pitch_02961,CA,2026-03-12,False
pitch_02962,CA,2026-03-12,False
pitch_02963,CA,2026-03-12,False
pitch_02964,CA,2026-03-12,False
pitch_02965,CA,2026-03-12,False
pitch_02966,CA,2026-02-10,True
pitch_02967,CA,2026-02-10,False
pitch_02968,TX,2026-03-12,True
pitch_02969,IL,2026-03-27,True
pitch_02970,CA,2026-03-08,True
pitch_02971,CA,2026-03-08,False
pitch_02972,CA,2026-03-08,False
pitch_02973,CA,2026-03-08,False
pitch_02974,CA,2026-03-08,False
pitch_02975,CA,2026-03-08,False
pitch_02976,TX,2026-04-22,True
